Article_ID,Instance_ID,Objective,Iterations,Without_SPSC,Time,With_SPSC,Time_
Malheiros2021,a3-30hetARX,MIN,10,494.85,0.13,494.85,1.18
Malheiros2021,a3-36hetARX,MIN,10,583.23,0.38,583.19,1.74
Malheiros2021,a4-40hetARX,MIN,10,558.4,0.55,557.69,2.19
Malheiros2021,a4-48hetARX,MIN,10,669.03,2.2,668.82,4.63
Malheiros2021,a5-50hetARX,MIN,10,686.77,2.84,686.62,5.63
Malheiros2021,a5-60hetARX,MIN,10,808.42,4.46,808.42,7.61
Malheiros2021,a6-60hetARX,MIN,10,819.25,5.42,819.25,9.64
Malheiros2021,a6-72hetARX,MIN,10,916.83,10.78,916.24,17.32
Malheiros2021,a7-70hetARX,MIN,10,889.47,8.92,889.12,13.51
Malheiros2021,a7-84hetARX,MIN,10,1034.93,16.39,1033.66,23.68
Malheiros2021,a8-80hetARX,MIN,10,946.19,15.99,945.73,22.7
Malheiros2021,a8-96hetARX,MIN,10,1233.13,25.19,1229.67,35.67
Malheiros2021,a3-30hetESX,MIN,10,500.58,0.14,500.58,1.15
Malheiros2021,a3-36hetESX,MIN,10,583.19,0.28,583.19,1.53
Malheiros2021,a4-40hetESX,MIN,10,580.42,0.51,580.42,2.23
Malheiros2021,a4-48hetESX,MIN,10,670.58,1.76,670.52,4.41
Malheiros2021,a5-50hetESX,MIN,10,693.78,2.2,693.77,4.52
Malheiros2021,a5-60hetESX,MIN,10,828.95,3.32,828.9,7.03
Malheiros2021,a6-60hetESX,MIN,10,847.58,7.03,847.58,11.27
Malheiros2021,a6-72hetESX,MIN,10,949.81,11.02,949.35,16.47
Malheiros2021,a7-70hetESX,MIN,10,946.63,8.69,946.32,13.5
Malheiros2021,a7-84hetESX,MIN,10,1093.77,17.44,1093.07,26.23
Malheiros2021,a8-80hetESX,MIN,10,982.79,10.25,982.71,17.12
Malheiros2021,a8-96hetESX,MIN,10,1267.44,26.36,1265.74,38.03
Malheiros2021,a3-30hetIUY,MIN,10,494.85,0.11,494.85,1.03
Malheiros2021,a3-36hetIUY,MIN,10,618.34,2.67,618.15,3.8
Malheiros2021,a4-40hetIUY,MIN,10,558.19,0.62,557.69,2.06
Malheiros2021,a4-48hetIUY,MIN,10,670.72,2.38,670.72,4.87
Malheiros2021,a5-50hetIUY,MIN,10,691.37,3.02,690.99,5.37
Malheiros2021,a5-60hetIUY,MIN,10,816.15,3.95,816.15,6.84
Malheiros2021,a6-60hetIUY,MIN,10,829.24,6.44,829.23,9.99
Malheiros2021,a6-72hetIUY,MIN,10,940.63,10.34,938.46,14.94
Malheiros2021,a7-70hetIUY,MIN,10,926.64,9.76,925.64,13.53
Malheiros2021,a7-84hetIUY,MIN,10,1037.88,16.03,1037.04,23.01
Malheiros2021,a8-80hetIUY,MIN,10,970.84,14.23,969.6,20.75
Malheiros2021,a8-96hetIUY,MIN,10,1239.66,22.51,1237.97,32.3
Malheiros2021_MD,a3-30hetARX,MIN,10,469.16,0.15,469.16,0.99
Malheiros2021_MD,a3-36hetARX,MIN,10,592.44,0.36,592.42,1.79
Malheiros2021_MD,a4-40hetARX,MIN,10,540.41,0.83,540.34,2.51
Malheiros2021_MD,a4-48hetARX,MIN,10,631.75,2.7,631.75,4.9
Malheiros2021_MD,a5-50hetARX,MIN,10,664.55,3.8,664.55,6.7
Malheiros2021_MD,a5-60hetARX,MIN,10,790.06,6.64,789.9,10.23
Malheiros2021_MD,a6-60hetARX,MIN,10,777.6,7.12,776.68,10.99
Malheiros2021_MD,a6-72hetARX,MIN,10,885.43,12.07,883.78,18.91
Malheiros2021_MD,a7-70hetARX,MIN,10,856.84,10.39,855.04,15.45
Malheiros2021_MD,a7-84hetARX,MIN,10,1011.52,17.68,1007.91,28.1
Malheiros2021_MD,a8-80hetARX,MIN,10,891.95,16.03,889.67,26.14
Malheiros2021_MD,a8-96hetARX,MIN,10,1191.21,22.33,1186.87,42.99
Malheiros2021_MD,a3-30hetESX,MIN,10,471.43,0.17,471.43,1.05
Malheiros2021_MD,a3-36hetESX,MIN,10,593.84,0.33,593.84,1.71
Malheiros2021_MD,a4-40hetESX,MIN,10,562.88,0.61,562.86,2.25
Malheiros2021_MD,a4-48hetESX,MIN,10,633.57,1.97,633.49,4.24
Malheiros2021_MD,a5-50hetESX,MIN,10,674.37,3.24,674.19,5.98
Malheiros2021_MD,a5-60hetESX,MIN,10,814.04,4.89,813.96,8.32
Malheiros2021_MD,a6-60hetESX,MIN,10,802.85,6.76,802.49,10.44
Malheiros2021_MD,a6-72hetESX,MIN,10,917.2,12.02,915.26,18.61
Malheiros2021_MD,a7-70hetESX,MIN,10,912.58,10.55,910.91,16.15
Malheiros2021_MD,a7-84hetESX,MIN,10,1064.28,17.62,1061.46,44.21
Malheiros2021_MD,a8-80hetESX,MIN,10,927.36,15.65,925.98,22.66
Malheiros2021_MD,a8-96hetESX,MIN,10,1224.03,23.33,1220.96,40.6
Malheiros2021_MD,a3-30hetIUY,MIN,10,486.04,0.13,486.04,0.89
Malheiros2021_MD,a3-36hetIUY,MIN,10,627.4,9.39,626.96,10.58
Malheiros2021_MD,a4-40hetIUY,MIN,10,542.7,0.78,542.56,2.13
Malheiros2021_MD,a4-48hetIUY,MIN,10,637.62,2.57,637.58,4.48
Malheiros2021_MD,a5-50hetIUY,MIN,10,669.62,2.96,669.3,4.83
Malheiros2021_MD,a5-60hetIUY,MIN,10,800.24,5.47,800.1,8.47
Malheiros2021_MD,a6-60hetIUY,MIN,10,790.22,5.99,789.4,8.38
Malheiros2021_MD,a6-72hetIUY,MIN,10,914.54,8.5,910.63,12.42
Malheiros2021_MD,a7-70hetIUY,MIN,10,887.81,8.53,885.89,12.9
Malheiros2021_MD,a7-84hetIUY,MIN,10,1015.37,15.55,1013.4,28.55
Malheiros2021_MD,a8-80hetIUY,MIN,10,926.74,13.25,925.1,19.59
Malheiros2021_MD,a8-96hetIUY,MIN,10,1201.68,19.26,1196.22,31.66
Gunawan2021,40-a,MIN,,3623,,3600.4,
Gunawan2021,40-b,MIN,,4601.2,,4601,
Gunawan2021,40-c,MIN,,3539,,3524.7,
Gunawan2021,40-d,MIN,,5056.6,,5038.1,
Gunawan2021,40-e,MIN,,3990.6,,3983.2,
Gunawan2021,40-f,MIN,,4675.7,,4658.4,
Gunawan2021,40-g,MIN,,4696.5,,4695,
Gunawan2021,40-h,MIN,,4802.3,,4802,
Gunawan2021,40-i,MIN,,4037.4,,4037,
Gunawan2021,40-j,MIN,,4030.3,,4016.6,
Gunawan2021,40-k,MIN,,4066,,4015.4,
Gunawan2021,60-a,MIN,,5362,,5357.6,
Gunawan2021,60-b,MIN,,6803.7,,6781.6,
Gunawan2021,60-c,MIN,,7229.8,,7081.2,
Gunawan2021,60-d,MIN,,5336.5,,5331.9,
Gunawan2021,60-e,MIN,,7024.9,,6969,
Gunawan2021,100-a,MIN,,9218.3,,9205.8,
Gunawan2021,100-b,MIN,,10594.1,,10331.1,
Gunawan2021,100-c,MIN,,10554.4,,10468,
Gunawan2021,100-d,MIN,,9972.1,,9958.4,
Gunawan2021,100-e,MIN,,10698.3,,10584.5,
Gunawan2021,200-a,MIN,,18564.6,,18499.7,
Gunawan2021,200-b,MIN,,20653.1,,20510,
Gunawan2021,200-c,MIN,,20202.8,,19912.9,
Gunawan2021,200-d,MIN,,19543.6,,19268.2,
Gunawan2021,200-e,MIN,,20397.3,,19983.1,
Gunawan2021,300-a,MIN,,28512.5,,28416.5,
Gunawan2021,300-b,MIN,,30200.3,,29635.5,
Gunawan2021,300-c,MIN,,29104.1,,28734.1,
Gunawan2021,300-d,MIN,,29461.2,,29366.6,
Gunawan2021,300-e,MIN,,28745.3,,28436.4,
Gunawan2021,Set 4 - 40 nodes,MIN,,4283.5,,4270.2,
Gunawan2021,Set 5 - 60 nodes,MIN,,6351.4,,6304.3,
Gunawan2021,Set 5 - 100 nodes,MIN,,10207.4,,10109.6,
Gunawan2021,Set 7 - 200 nodes,MIN,,19872.3,,19634.8,
Gunawan2021,Set 8 - 300 nodes,MIN,,29204.7,,28917.8,
Groer2010,1,MIN,1,524.61,,524.61,
Groer2010,2,MIN,1,845.05,,842.37,
Groer2010,3,MIN,1,827.39,,827.39,
Groer2010,4,MIN,1,1034.94,,1032.12,
Groer2010,5,MIN,1,1311.89,,1307.36,
Groer2010,6,MIN,1,555.43,,555.43,
Groer2010,7,MIN,1,912.89,,909.68,
Groer2010,8,MIN,1,865.94,,865.94,
Groer2010,9,MIN,1,1169.1,,1164.12,
Groer2010,10,MIN,1,1414.35,,1410.97,
Groer2010,11,MIN,1,1042.11,,1042.11,
Groer2010,12,MIN,1,819.56,,819.56,
Groer2010,13,MIN,1,1546.6,,1542.86,
Groer2010,14,MIN,1,866.37,,866.37,
Groer2010,10,MIN,1,5724.69,,5715.1,
Groer2010,20,MIN,1,8523.41,,8466.92,
Groer2010,30,MIN,1,11104.8,,11047.01,
Groer2010,40,MIN,1,13690.86,,13635.31,
Groer2010,50,MIN,1,6472.39,,6460.98,
Groer2010,60,MIN,1,8468.49,,8414.75,
Groer2010,70,MIN,1,10252.16,,10195.59,
Groer2010,80,MIN,1,11923.2,,11910.43,
Groer2010,90,MIN,1,588.31,,588.31,
Groer2010,100,MIN,1,751.22,,747.95,
Groer2010,110,MIN,1,940.39,,938.64,
Groer2010,120,MIN,1,1138.61,,1136.87,
Groer2010,130,MIN,1,871.75,,867.87,
Groer2010,140,MIN,1,1098.42,,1088.01,
Groer2010,150,MIN,1,1372.43,,1362.47,
Groer2010,160,MIN,1,1650.08,,1641.91,
Groer2010,170,MIN,1,710.38,,707.79,
Groer2010,180,MIN,1,1015.72,,1013.85,
Groer2010,190,MIN,1,1384.42,,1382.17,
Groer2010,200,MIN,1,1850.07,,1844.93,
Groer2010,100A,MIN,1,2077.12,,2071.31,
Groer2010,100B,MIN,1,1944.26,,1940.61,
Groer2010,100C,MIN,1,1406.2,,1406.2,
Groer2010,100D,MIN,1,1597.6,,1593.3,
Groer2010,150A,MIN,1,3057.73,,3055.88,
Groer2010,150B,MIN,1,2808.01,,2801.34,
Groer2010,150C,MIN,1,2382.26,,2382.26,
Groer2010,150D,MIN,1,2663.15,,2661.84,
Groer2010,385,MIN,1,24602.26,,24525.03,
Grenouilleau2019,Small_01,MIN,,1150528.85,,1001922.79,
Grenouilleau2019,Small_02,MIN,,1280565.37,,1051504.59,
Grenouilleau2019,Small_03,MIN,,1255270.51,,1048994.79,
Grenouilleau2019,Small_04,MIN,,1335133.74,,1188032.84,
Grenouilleau2019,Small_05,MIN,,1215604.27,,1075480.95,
Grenouilleau2019,Small_06,MIN,,1186513.28,,1051132.77,
Grenouilleau2019,Small_07,MIN,,1138382.32,,966833.28,
Grenouilleau2019,Small_08,MIN,,1042276.78,,956056.27,
Grenouilleau2019,Small_09,MIN,,1183201.19,,1007451.18,
Grenouilleau2019,Small_10,MIN,,1130063.19,,963391.38,
Grenouilleau2019,Small_11,MIN,,1244545.95,,1087580.95,
Grenouilleau2019,Small_12,MIN,,1116505.44,,955662.29,
Grenouilleau2019,Small_13,MIN,,1070766.14,,986339.54,
Grenouilleau2019,Small_14,MIN,,997946.76,,927882.28,
Grenouilleau2019,Small_15,MIN,,1366852.11,,1123416.86,
Grenouilleau2019,Small_16,MIN,,1263805.39,,1116903.18,
Grenouilleau2019,Small_17,MIN,,1040816.36,,939885.29,
Grenouilleau2019,Small_18,MIN,,1033234.67,,932547.24,
Grenouilleau2019,Small_19,MIN,,1176267.76,,1040813.51,
Grenouilleau2019,Small_20,MIN,,1141223.34,,1008533.86,
Grenouilleau2019,Medium_01,MIN,,1387766.74,,1081305.18,
Grenouilleau2019,Medium_02,MIN,,764033.19,,649277.75,
Grenouilleau2019,Medium_03,MIN,,1066939.71,,826778.72,
Grenouilleau2019,Medium_04,MIN,,698931.17,,659917.34,
Grenouilleau2019,Medium_05,MIN,,609918.1,,594481.4,
Grenouilleau2019,Medium_06,MIN,,704931.93,,627804.64,
Grenouilleau2019,Medium_07,MIN,,889382.71,,844053.29,
Grenouilleau2019,Medium_08,MIN,,695492.88,,559769.34,
Grenouilleau2019,Medium_09,MIN,,655755.5,,540411.7,
Grenouilleau2019,Medium_10,MIN,,773141.13,,738833.99,
Grenouilleau2019,Medium_11,MIN,,873310.67,,834727.72,
Grenouilleau2019,Medium_12,MIN,,574721.15,,524259.2,
Grenouilleau2019,Medium_13,MIN,,816774.91,,658848.83,
Grenouilleau2019,Medium_14,MIN,,606313.06,,541961.29,
Grenouilleau2019,Medium_15,MIN,,671760.95,,595359.66,
Grenouilleau2019,Medium_16,MIN,,826898.21,,705922.75,
Grenouilleau2019,Medium_17,MIN,,716435.76,,638842.83,
Grenouilleau2019,Medium_18,MIN,,1933365.62,,1510478.67,
Grenouilleau2019,Medium_19,MIN,,560813.02,,532946.69,
Grenouilleau2019,Medium_20,MIN,,683449.57,,605117.08,
Grenouilleau2019,Large_01,MIN,,1150528.85,,1001922.79,
Grenouilleau2019,Large_02,MIN,,1280565.37,,1051504.59,
Grenouilleau2019,Large_03,MIN,,1255270.51,,1048994.79,
Grenouilleau2019,Large_04,MIN,,1335133.74,,1188032.84,
Grenouilleau2019,Large_05,MIN,,1215604.27,,1075480.95,
Grenouilleau2019,Large_06,MIN,,1186513.28,,1051132.77,
Grenouilleau2019,Large_07,MIN,,1138382.32,,966833.28,
Grenouilleau2019,Large_08,MIN,,1042276.78,,956056.27,
Grenouilleau2019,Large_09,MIN,,1183201.19,,1007451.18,
Grenouilleau2019,Large_10,MIN,,1130063.19,,963391.38,
Grenouilleau2019,Large_11,MIN,,1244545.95,,1087580.95,
Grenouilleau2019,Large_12,MIN,,1116505.44,,955662.29,
Grenouilleau2019,Large_13,MIN,,1070766.14,,986339.54,
Grenouilleau2019,Large_14,MIN,,997946.76,,927882.28,
Grenouilleau2019,Large_15,MIN,,1366852.11,,1123416.86,
Grenouilleau2019,Large_16,MIN,,1263805.39,,1116903.18,
Grenouilleau2019,Large_17,MIN,,1040816.36,,939885.29,
Grenouilleau2019,Large_18,MIN,,1033234.67,,932547.24,
Grenouilleau2019,Large_19,MIN,,1176267.76,,1040813.51,
Grenouilleau2019,Large_20,MIN,,1141223.34,,1008533.86,
Rochat1995,100a,MIN,,2062.27,1000,2047.9,1005.5
Rochat1995,100b,MIN,,1940.61,1000,1940.61,1003.9
Rochat1995,100c,MIN,,1421.59,1000,1407.44,1071
Rochat1995,100d,MIN,,1581.25,1000,1581.25,1001.2
Rochat1995,150a,MIN,,3077.77,2100,3070.91,2100.43
Rochat1995,150b,MIN,,2735.16,2100,2733.6,2101.9
Rochat1995,150c,MIN,,2367.65,2100,2364.31,2118
Rochat1995,150d,MIN,,2668.34,2100,2663.2,2122
Mancini2017_RED,C101-25,MIN,,2807.65,,2708.97,
Mancini2017_RED,C201-25,MIN,,3027.98,,2743.54,
Mancini2017_RED,R101-25,MIN,,3452.14,,3008.98,
Mancini2017_RED,RC101-25,MIN,,3461.77,,2886.68,
Mancini2017_RED,C101-50,MIN,,3513.01,,3039.99,
Mancini2017_RED,C201-50,MIN,,3617.78,,3113.98,
Mancini2017_RED,R101-50,MIN,,3889.88,,3339.93,
Mancini2017_RED,RC101-50,MIN,,3913.73,,3301.19,
Mancini2017,C101-25,MIN,,2807.65,,2634.76,
Mancini2017,C201-25,MIN,,3027.98,,2743.54,
Mancini2017,R101-25,MIN,,3452.14,,2954.91,
Mancini2017,RC101-25,MIN,,3461.77,,2886.68,
Mancini2017,C101-50,MIN,,3513.01,,3039.99,
Mancini2017,C201-50,MIN,,3617.78,,3113.98,
Mancini2017,R101-50,MIN,,3889.88,,3339.93,
Mancini2017,RC101-50,MIN,,3913.73,,3301.19,
Villegas2013,ttrp1,MIN,10,568.55,,564.82,
Villegas2013,ttrp2,MIN,10,617.44,,612.38,
Villegas2013,ttrp3,MIN,10,619.72,,618.04,
Villegas2013,ttrp4,MIN,10,817.2,,798.53,
Villegas2013,ttrp5,MIN,10,864.05,,839.62,
Villegas2013,ttrp6,MIN,10,1041.91,,947.95,
Villegas2013,ttrp7,MIN,10,831.58,,830.55,
Villegas2013,ttrp8,MIN,10,882.7,,872.36,
Villegas2013,ttrp9,MIN,10,935.67,,914.23,
Villegas2013,ttrp10,MIN,10,1059.61,,1037.83,
Villegas2013,ttrp11,MIN,10,1124.2,,1093.29,
Villegas2013,ttrp12,MIN,10,1170.47,,1149.95,
Villegas2013,ttrp13,MIN,10,1329.69,,1287.41,
Villegas2013,ttrp14,MIN,10,1388.62,,1336.62,
Villegas2013,ttrp15,MIN,10,1460.61,,1418.52,
Villegas2013,ttrp16,MIN,10,1006.1,,1002.19,
Villegas2013,ttrp17,MIN,10,1031.97,,1026.33,
Villegas2013,ttrp18,MIN,10,1117.81,,1106.51,
Villegas2013,ttrp19,MIN,10,821.39,,814.05,
Villegas2013,ttrp20,MIN,10,860.42,,849.31,
Villegas2013,ttrp21,MIN,10,914.4,,909.06,
Mendoza2013,A-n32-k5,MIN,10,877.75,23.6,854.82,46.93
Mendoza2013,A-n33-k5,MIN,10,722.58,23.71,709.44,43.46
Mendoza2013,A-n33-k6,MIN,10,813.3,21.81,794.05,34.4
Mendoza2013,A-n34-k5,MIN,10,847.43,25.18,826.87,45.58
Mendoza2013,A-n36-k5,MIN,10,905.28,32.5,870.25,72.5
Mendoza2013,A-n37-k5,MIN,10,723.95,36.6,709.51,92.78
Mendoza2013,A-n37-k6,MIN,10,1052.05,29.81,1030.97,48.01
Mendoza2013,A-n38-k5,MIN,10,783.32,34.41,777.09,64.28
Mendoza2013,A-n39-k5,MIN,10,929.61,39.18,874.84,77.42
Mendoza2013,A-n39-k6,MIN,10,897.31,37.48,876.6,75.85
Mendoza2013,A-n44-k6,MIN,10,1061.33,51.41,1026.45,108.29
Mendoza2013,A-n45-k6,MIN,10,1054.23,52.93,1026.87,94.83
Mendoza2013,A-n45-k7,MIN,10,1341.96,51.52,1270.94,93.71
Mendoza2013,A-n46-k7,MIN,10,1049.21,55.76,1002.29,99.32
Mendoza2013,A-n48-k7,MIN,10,1266.07,62.42,1203,141.43
Mendoza2013,A-n53-k7,MIN,10,1184.22,84.73,1129.76,186.19
Mendoza2013,A-n54-k7,MIN,10,1338.94,94.22,1293,182.3
Mendoza2013,A-n55-k9,MIN,10,1227.34,89.12,1182.5,125.42
Mendoza2013,A-n60-k9,MIN,10,1599.47,117.13,1529.83,314.09
Mendoza2013,E-n22-k4,MIN,10,418.27,8.98,411.67,11.93
Mendoza2013,E-n33-k4,MIN,10,888.33,30.27,854.91,69.4
Mendoza2013,E-n51-k5,MIN,10,580.02,88.33,552.64,244.34
Mendoza2013,P-n16-k8,MIN,10,514.73,3.24,512.82,3.29
Mendoza2013,P-n19-k2,MIN,10,224.06,10.05,224.06,22.18
Mendoza2013,P-n20-k2,MIN,10,235.84,11.76,234.36,26.93
Mendoza2013,P-n21-k2,MIN,10,220.44,13.51,218.96,32.32
Mendoza2013,P-n22-k2,MIN,10,231.68,14.87,231.26,43.84
Mendoza2013,P-n22-k8,MIN,10,687.94,6.81,681.06,7.3
Mendoza2013,P-n23-k8,MIN,10,630.49,7.32,619.61,7.78
Mendoza2013,P-n40-k5,MIN,10,486.82,43.31,472.5,81.68
Mendoza2013,P-n45-k5,MIN,10,552.78,61.06,534.52,156.92
Mendoza2013,P-n50-k10,MIN,10,791.41,62.15,758.78,77.62
Mendoza2013,P-n50-k7,MIN,10,618.65,71.34,587.19,133.82
Mendoza2013,P-n50-k8,MIN,10,707.67,65.21,669.28,91.7
Mendoza2013,P-n51-k10,MIN,10,851.15,65.45,810.01,79.14
Mendoza2013,P-n55-k10,MIN,10,787.05,85.99,746.74,128.5
Mendoza2013,P-n55-k15,MIN,10,1103.21,84.77,1068.05,88.75
Mendoza2013,P-n55-k7,MIN,10,627.62,99.88,591.24,213.34
Mendoza2013,P-n60-k10,MIN,10,848.82,108.56,804.42,156.78
Mendoza2013,P-n60-k15,MIN,10,1134,105.78,1085.49,112.74
Accorsi2020,coordP133112.dat,MIN,10,1710.7,18.6,1703.36,87.5
Accorsi2020,coordP112222.dat,MIN,10,728.3,7.3,728.3,11.4
Accorsi2020,coordP131112.dat,MIN,10,1928.1,17.5,1909.36,55.5
Accorsi2020,coordP121112.dat,MIN,10,2274.69,30.3,2254.9,66.6
Accorsi2020,coordP131212.dat,MIN,10,1982.1,17.8,1965.32,35.2
Accorsi2020,coordP123122.dat,MIN,10,1950.55,39.2,1917.22,94.1
Accorsi2020,coordP133122.dat,MIN,10,1401.64,22.8,1400.83,79.8
Accorsi2020,coordP121122.dat,MIN,10,2195.41,35.7,2157.37,74.7
Accorsi2020,coordP131122.dat,MIN,10,1844.31,19,1839.69,60.6
Accorsi2020,coordP113112.dat,MIN,10,1242.55,7.2,1238.87,49.9
Accorsi2020,coordP113222.dat,MIN,10,1018.29,6.8,1018.29,34.6
Accorsi2020,coordP122212.dat,MIN,10,1471.77,29.7,1470.79,111.5
Accorsi2020,coordP111112.dat,MIN,10,1467.97,7.3,1467.74,8.7
Accorsi2020,coordP111212.dat,MIN,10,1396.17,6.6,1394.81,7.6
Accorsi2020,coordP123212.dat,MIN,10,1779.97,39.9,1775.68,113
Accorsi2020,coordP132112.dat,MIN,10,1451.17,22,1446.17,77.4
Accorsi2020,coordP113122.dat,MIN,10,1245.73,8.5,1245.31,44.5
Accorsi2020,coordP112122.dat,MIN,10,1102.41,8.9,1102.26,68.3
Accorsi2020,coordP113212.dat,MIN,10,902.3,6.2,902.26,50.3
Accorsi2020,coordP123112.dat,MIN,10,1974.56,30.4,1973.41,117.7
Accorsi2020,coordP121212.dat,MIN,10,2221.91,30.2,2218.5,71.6
Accorsi2020,coordP132122.dat,MIN,10,1447.45,22.6,1446.2,96.5
Accorsi2020,coordP133212.dat,MIN,10,1200.84,14.1,1198.09,31.6
Accorsi2020,coordP133222.dat,MIN,10,1153.42,19.4,1152.48,94.1
Accorsi2020,coordP123222.dat,MIN,10,1397.67,28.1,1390.97,56.1
Accorsi2020,coordP121222.dat,MIN,10,2258.67,37,2246.08,121.5
Accorsi2020,coordP111122.dat,MIN,10,1449.87,7.7,1448.87,14.7
Accorsi2020,coordP122122.dat,MIN,10,1732.72,37.4,1711.35,113.1
Accorsi2020,coordP132222.dat,MIN,10,933.47,18.6,932.21,75
Accorsi2020,coordP112212.dat,MIN,10,793.1,6.5,791.78,9.2
Accorsi2020,coordP112112.dat,MIN,10,1169.9,7.9,1168.65,69.2
Accorsi2020,coordP132212.dat,MIN,10,1207.98,17.7,1206.39,82.7
Accorsi2020,coordP122222.dat,MIN,10,1084.96,31.1,1083.09,87.8
Accorsi2020,coordP111222.dat,MIN,10,1435.95,7.9,1435.12,15.5
Accorsi2020,coordP122112.dat,MIN,10,2100.49,35.1,2088.25,113.5
Accorsi2020,coordP131222.dat,MIN,10,1807.91,18.2,1797.42,51.5
Accorsi2020,xsttrp64,MIN,10,557.56,1,557.56,1
Accorsi2020,xsttrp27,MIN,10,661.35,2,661.35,2
Accorsi2020,xsttrp42,MIN,10,787.92,4.8,787.92,6.8
Accorsi2020,xsttrp8,MIN,10,538.4,3,538.4,5
Accorsi2020,xsttrp47,MIN,10,1091.56,17.6,1089.03,34.9
Accorsi2020,xsttrp60,MIN,10,645.86,3.3,645.86,5.3
Accorsi2020,xsttrp69,MIN,10,882.53,18.2,882.53,31.2
Accorsi2020,xsttrp3,MIN,10,696.03,3,696.03,4
Accorsi2020,xsttrp71,MIN,10,867.24,23.3,866.29,34.9
Accorsi2020,xsttrp70,MIN,10,830.99,42.8,830.95,60.2
Accorsi2020,xsttrp31,MIN,10,859.68,9.2,859.29,15.7
Accorsi2020,xsttrp35,MIN,10,651.75,4,651.75,5
Accorsi2020,xsttrp46,MIN,10,1042.92,19.1,1040.97,38.7
Accorsi2020,xsttrp7,MIN,10,624.39,2.4,624.39,2.8
Accorsi2020,xsttrp73,MIN,10,485.42,1,485.42,1
Accorsi2020,xsttrp55,MIN,10,607.79,3.9,607.79,6
Accorsi2020,xsttrp38,MIN,10,934.46,27.1,933.7,43
Accorsi2020,xsttrp12,MIN,10,918.82,9.5,917.31,16.5
Accorsi2020,xsttrp62,MIN,10,642.4,4,642.4,5
Accorsi2020,xsttrp40,MIN,10,902.4,26.6,902.33,40.7
Accorsi2020,xsttrp10,MIN,10,522.54,3.7,522.54,5
Accorsi2020,xsttrp36,MIN,10,957.13,24.7,954.07,43.9
Accorsi2020,xsttrp6,MIN,10,586.87,2.1,586.87,3.1
Accorsi2020,xsttrp16,MIN,10,778.45,15.6,777.69,25.5
Accorsi2020,xsttrp33,MIN,10,671.87,3.5,671.87,4.5
Accorsi2020,xsttrp74,MIN,10,573.69,3,573.69,5
Accorsi2020,xsttrp77,MIN,10,594.29,2,594.29,3
Accorsi2020,xsttrp28,MIN,10,851.23,11.9,850.66,21.9
Accorsi2020,xsttrp48,MIN,10,1012.26,18.4,1010.24,29.8
Accorsi2020,xsttrp5,MIN,10,517.86,1,517.86,1
Accorsi2020,xsttrp11,MIN,10,556.61,3,556.61,4
Accorsi2020,xsttrp57,MIN,10,580,3.5,580,6.2
Accorsi2020,xsttrp63,MIN,10,717.55,3,717.55,4.9
Accorsi2020,xsttrp20,MIN,10,735.31,4.5,735.27,6.6
Accorsi2020,xsttrp30,MIN,10,821.86,12.4,821.11,20.4
Accorsi2020,xsttrp43,MIN,10,787.4,3.2,786.77,4.3
Accorsi2020,xsttrp53,MIN,10,666.36,3.4,666.36,5.4
Accorsi2020,xsttrp72,MIN,10,456.01,1,456.01,1
Accorsi2020,xsttrp4,MIN,10,505.23,1,505.23,1
Accorsi2020,xsttrp23,MIN,10,715.15,4.2,715.15,6.2
Accorsi2020,xsttrp24,MIN,10,716.31,2.5,716.31,2.5
Accorsi2020,xsttrp18,MIN,10,767.81,15.9,767.2,25.1
Accorsi2020,xsttrp13,MIN,10,935.35,9.9,935.35,13.1
Accorsi2020,xsttrp39,MIN,10,971.74,18,970.9,33
Accorsi2020,xsttrp1,MIN,10,753.43,3.5,753.43,4.5
Accorsi2020,xsttrp65,MIN,10,553.54,1,553.54,1
Accorsi2020,xsttrp9,MIN,10,582.27,2,582.27,3
Accorsi2020,xsttrp17,MIN,10,794.39,8.8,794.39,16.7
Accorsi2020,xsttrp44,MIN,10,759.45,4.1,759.14,7.2
Accorsi2020,xsttrp52,MIN,10,603.08,4.6,603.08,6.9
Accorsi2020,xsttrp75,MIN,10,660.97,2.9,660.97,4
Accorsi2020,xsttrp34,MIN,10,627.68,5.7,627.62,7.6
Accorsi2020,xsttrp15,MIN,10,901.9,9.4,898.75,14.7
Accorsi2020,xsttrp68,MIN,10,862.03,39.7,861.93,58.7
Accorsi2020,xsttrp67,MIN,10,901.97,18.6,901.85,34.3
Accorsi2020,xsttrp22,MIN,10,700.54,5.3,700.54,7.5
Accorsi2020,xsttrp14,MIN,10,909.3,9.2,907.82,32
Accorsi2020,xsttrp41,MIN,10,936.59,21.5,936.28,34.6
Accorsi2020,xsttrp76,MIN,10,567.98,3,567.98,5
Accorsi2020,xsttrp51,MIN,10,999.96,17.9,998.62,27.6
Accorsi2020,xsttrp66,MIN,10,871.13,31.6,871.09,49.7
Accorsi2020,xsttrp32,MIN,10,668.18,4.8,668.18,6.7
Accorsi2020,xsttrp49,MIN,10,1074.43,18.7,1072.24,43.1
Accorsi2020,xsttrp58,MIN,10,562.39,7.6,562.39,10.2
Accorsi2020,xsttrp59,MIN,10,561.44,4,561.44,6
Accorsi2020,xsttrp21,MIN,10,743.71,3.8,743.71,5.6
Accorsi2020,xsttrp45,MIN,10,773.68,4.3,773.22,5.8
Accorsi2020,xsttrp54,MIN,10,589.24,5.8,589.23,8.8
Accorsi2020,xsttrp56,MIN,10,570.65,6.9,570.6,9.9
Accorsi2020,xsttrp2,MIN,10,602.99,1.9,602.99,3
Accorsi2020,xsttrp25,MIN,10,802.23,3,802.23,3
Accorsi2020,xsttrp37,MIN,10,983.46,16.7,982.86,30.4
Accorsi2020,xsttrp29,MIN,10,890.19,9.8,889.14,17.2
Accorsi2020,xsttrp61,MIN,10,777,4.7,777,6.4
Accorsi2020,xsttrp19,MIN,10,774.2,8.9,774.2,14.9
Accorsi2020,xsttrp26,MIN,10,652.27,2.1,652.27,3.1
Accorsi2020,xsttrp50,MIN,10,975.29,20.9,974.41,36.1
Accorsi2020,chao_1.30.dat,MIN,10,350.58,1,350.58,1
Accorsi2020,chao_7.40.dat,MIN,10,422.16,1,422.16,1
Accorsi2020,chao_10.30.dat,MIN,10,411.47,1,411.47,1
Accorsi2020,chao_7.30.dat,MIN,10,365.13,1,365.13,1
Accorsi2020,chao_8.30.dat,MIN,10,419.47,1,419.47,1
Accorsi2020,tai_11.30.dat,MIN,10,667.64,1,667.64,1
Accorsi2020,chao_5.30.dat,MIN,10,383.77,1,383.77,1
Accorsi2020,tai_12.30.dat,MIN,10,719.06,1,719.06,1
Accorsi2020,tai_7.30.dat,MIN,10,491.1,1,491.1,1
Accorsi2020,chao_2.30.dat,MIN,10,371.64,1,371.64,1
Accorsi2020,chao_5.40.dat,MIN,10,455.45,1,455.45,1
Accorsi2020,tai_10.30.dat,MIN,10,608.79,1,608.79,1
Accorsi2020,chao_12.40.dat,MIN,10,574.46,1,574.46,1
Accorsi2020,chao_3.30.dat,MIN,10,383.59,1,383.59,1
Accorsi2020,chao_11.40.dat,MIN,10,500.72,1,500.72,1
Accorsi2020,chao_4.40.dat,MIN,10,414.46,1,414.46,1
Accorsi2020,chao_10.40.dat,MIN,10,485.52,1,485.52,1
Accorsi2020,tai_9.30.dat,MIN,10,585.36,1,585.36,1
Accorsi2020,chao_12.30.dat,MIN,10,471.83,1,471.83,1
Accorsi2020,tai_3.30.dat,MIN,10,757.42,1,757.42,1
Accorsi2020,tai_2.30.dat,MIN,10,711.31,1,711.31,1
Accorsi2020,chao_1.40.dat,MIN,10,399.25,1,399.25,1
Accorsi2020,tai_1.30.dat,MIN,10,508.95,1,508.95,1
Accorsi2020,chao_6.30.dat,MIN,10,435.8,1,435.8,1
Accorsi2020,chao_6.40.dat,MIN,10,501,1,501,1
Accorsi2020,tai_8.30.dat,MIN,10,538.51,1,538.51,1
Accorsi2020,chao_2.40.dat,MIN,10,441.26,1,441.26,1
Accorsi2020,tai_6.30.dat,MIN,10,359.05,1,359.05,1
Accorsi2020,chao_3.40.dat,MIN,10,472.26,1,472.26,1
Accorsi2020,chao_9.40.dat,MIN,10,448.96,1,448.96,1
Accorsi2020,tai_4.30.dat,MIN,10,310.59,1,310.59,1
Accorsi2020,chao_8.40.dat,MIN,10,461.48,1,461.48,1
Accorsi2020,tai_5.30.dat,MIN,10,333.88,1,333.88,1
Accorsi2020,chao_4.30.dat,MIN,10,351.7,1,351.7,1
Accorsi2020,chao_11.30.dat,MIN,10,398.76,1,398.76,1
Accorsi2020,chao_9.30.dat,MIN,10,408.01,1,408.01,1
Accorsi2020,TTRP_08.txt.sv,MIN,10,745.19,5,745.19,8
Accorsi2020,TTRP_13.txt.sv,MIN,10,878.92,36.9,878.8,60.3
Accorsi2020,TTRP_10.txt.sv,MIN,10,791.78,17.5,791.58,30.6
Accorsi2020,TTRP_11.txt.sv,MIN,10,857.54,11.9,857.48,21.6
Accorsi2020,TTRP_21.txt.sv,MIN,10,676.13,2.6,676.13,4.3
Accorsi2020,TTRP_05.txt.sv,MIN,10,676.42,2.3,676.42,3.3
Accorsi2020,TTRP_12.txt.sv,MIN,10,939.23,9.5,937.96,19.2
Accorsi2020,TTRP_01.txt.sv,MIN,10,486.08,1,486.07,1
Accorsi2020,TTRP_19.txt.sv,MIN,10,541.87,3,541.87,5
Accorsi2020,TTRP_09.txt.sv,MIN,10,823.41,3.9,822.75,5.9
Accorsi2020,TTRP_15.txt.sv,MIN,10,1055.2,18.7,1052.72,36.6
Accorsi2020,TTRP_03.txt.sv,MIN,10,583.32,1,583.32,1
Accorsi2020,TTRP_20.txt.sv,MIN,10,582.62,2.8,582.62,5.6
Accorsi2020,TTRP_07.txt.sv,MIN,10,688.73,5.9,688.73,7.9
Accorsi2020,TTRP_06.txt.sv,MIN,10,769.88,2,769.88,2
Accorsi2020,TTRP_04.txt.sv,MIN,10,617.18,2.4,617.18,3.4
Accorsi2020,TTRP_14.txt.sv,MIN,10,959.25,25.6,956.78,46.5
Accorsi2020,TTRP_16.txt.sv,MIN,10,579.74,6.7,579.73,11
Accorsi2020,TTRP_18.txt.sv,MIN,10,698.57,3.4,698.57,5.1
Accorsi2020,TTRP_02.txt.sv,MIN,10,548.14,1,548.14,1
Accorsi2020,TTRP_17.txt.sv,MIN,10,611.35,5.9,611.3,10
Accorsi2020,STTRP-50-5-2-c.dat,MIN,10,516.98,1,516.98,1
Accorsi2020,STTRP-200-20-1-rd.dat,MIN,10,1618.63,21.9,1610.62,25
Accorsi2020,STTRP-100-10-2-c.dat,MIN,10,547.44,2.2,547.44,2.2
Accorsi2020,STTRP-200-10-1-c.dat,MIN,10,821.51,20.7,819.96,22.8
Accorsi2020,STTRP-100-20-1-rd.dat,MIN,10,1143.1,4,1143.1,4
Accorsi2020,STTRP-25-5-1-rd.dat,MIN,10,584.03,1,584.03,1
Accorsi2020,STTRP-200-20-2-rd.dat,MIN,10,1413.85,15.2,1413.32,23.6
Accorsi2020,STTRP-200-10-1-rd.dat,MIN,10,1771.33,26.1,1755.41,31
Accorsi2020,STTRP-200-10-2-c.dat,MIN,10,712.06,13.1,711.16,23.9
Accorsi2020,STTRP-25-10-2-rd.dat,MIN,10,506.37,1,506.37,1
Accorsi2020,STTRP-50-10-2-c.dat,MIN,10,367.01,1,367.01,1
Accorsi2020,STTRP-25-5-2-rd.dat,MIN,10,508.48,1,508.48,1
Accorsi2020,STTRP-25-10-1-c.dat,MIN,10,386.45,1,386.45,1
Accorsi2020,STTRP-200-20-1-c.dat,MIN,10,907.72,19.6,907.17,23.6
Accorsi2020,STTRP-200-20-2-c.dat,MIN,10,815.05,12.7,814.49,17.6
Accorsi2020,STTRP-100-10-1-c.dat,MIN,10,614.19,4,614.02,4
Accorsi2020,STTRP-50-10-2-rd.dat,MIN,10,731.53,1,731.53,1
Accorsi2020,STTRP-25-10-1-rd.dat,MIN,10,573.96,1,573.96,1
Accorsi2020,STTRP-200-10-2-rd.dat,MIN,10,1448.51,16.5,1445.94,19.5
Accorsi2020,STTRP-50-10-1-c.dat,MIN,10,387.83,1,387.83,1
Accorsi2020,STTRP-50-10-1-rd.dat,MIN,10,811.28,1,811.28,1
Accorsi2020,STTRP-50-5-1-rd.dat,MIN,10,870.51,1,870.51,1
Accorsi2020,STTRP-50-5-2-rd.dat,MIN,10,766.03,1,766.03,1
Accorsi2020,STTRP-100-20-1-c.dat,MIN,10,642.61,4.2,642.61,5
Accorsi2020,STTRP-100-10-2-rd.dat,MIN,10,1097.28,3.4,1097.28,3.9
Accorsi2020,STTRP-100-20-2-c.dat,MIN,10,581.56,2.8,581.56,3
Accorsi2020,STTRP-25-10-2-c.dat,MIN,10,380.86,1,380.86,1
Accorsi2020,STTRP-25-5-2-c.dat,MIN,10,374.79,1,374.79,1
Accorsi2020,STTRP-25-5-1-c.dat,MIN,10,405.46,1,405.46,1
Accorsi2020,STTRP-100-10-1-rd.dat,MIN,10,1271.9,5.2,1271.78,5.2
Accorsi2020,STTRP-50-5-1-c.dat,MIN,10,583.07,1,583.07,1
Accorsi2020,STTRP-100-20-2-rd.dat,MIN,10,1063.31,3.8,1063.3,7
Accorsi2020,p15,MIN,10,2505.42,6.3,2505.42,6.3
Accorsi2020,p07,MIN,10,886.23,6,882.51,6.6
Accorsi2020,p03,MIN,10,641.19,1.1,641.19,1.1
Accorsi2020,p06,MIN,10,879.48,5.6,876.5,5.6
Accorsi2020,p12,MIN,10,1318.95,1,1318.95,1
Accorsi2020,p04,MIN,10,1006.55,7.3,1002.53,13.1
Accorsi2020,p02,MIN,10,473.53,1,473.53,1
Accorsi2020,p01,MIN,10,576.87,1,576.87,1
Accorsi2020,p21,MIN,10,5562.87,48.1,5474.84,57
Accorsi2020,p05,MIN,10,750.24,3.2,750.03,4.2
Accorsi2020,p18,MIN,10,3731.36,17.8,3702.85,20
Kelly1999_SAV,C1,MIN,,531.75,,524.61,
Kelly1999_SAV,C2,MIN,,854.12,,841.68,
Kelly1999_SAV,C3,MIN,,848.6,,828.73,
Kelly1999_SAV,C4,MIN,,1075.84,,1039.29,
Kelly1999_SAV,C5,MIN,,1358.2,,1322.3,
Kelly1999_SAV,C6,MIN,,555.43,,555.43,
Kelly1999_SAV,C8,MIN,,877,,874.89,
Kelly1999_SAV,C9,MIN,,1208.37,,1172.78,
Kelly1999_SAV,C11,MIN,,1045.92,,1043.88,
Kelly1999_SAV,C12,MIN,,819.56,,819.56,
Kelly1999_SAV,C13,MIN,,1555.23,,1544.05,
Kelly1999_SAV,C14,MIN,,866.37,,866.37,
Kelly1999_XK,C1,MIN,,527.67,,524.61,
Kelly1999_XK,C2,MIN,,842.97,,835.26,
Kelly1999_XK,C3,MIN,,833.21,,826.14,
Kelly1999_XK,C4,MIN,,1035.08,,1028.42,
Kelly1999_XK,C5,MIN,,1325.76,,1310.97,
Kelly1999_XK,C6,MIN,,555.43,,555.43,
Kelly1999_XK,C7,MIN,,956.62,,909.68,
Kelly1999_XK,C8,MIN,,881.38,,865.94,
Kelly1999_XK,C10,MIN,,1439.29,,1425.97,
Kelly1999_XK,C11,MIN,,1042.11,,1042.11,
Kelly1999_XK,C12,MIN,,819.56,,819.56,
Kelly1999_XK,C13,MIN,,1618.56,,1581.98,
Kelly1999_XK,C14,MIN,,915.24,,866.37,
Pirkwieser2009_4D5,p4r101,MIN,,4119.88,22.9,4114.01,23.3
Pirkwieser2009_4D5,p4r102,MIN,,3744.4,23.8,3744.65,24.3
Pirkwieser2009_4D5,p4r103,MIN,,3186.14,24.3,3174.98,25.3
Pirkwieser2009_4D5,p4r104,MIN,,2602.15,27.7,2600.89,28.9
Pirkwieser2009_4D5,p4r105,MIN,,3688.64,24.1,3681.23,27.3
Pirkwieser2009_4D5,p4c101,MIN,,2910.17,22.2,2910.24,22.9
Pirkwieser2009_4D5,p4c102,MIN,,2929.76,24.7,2934.88,25.2
Pirkwieser2009_4D5,p4c103,MIN,,2786.69,27.8,2774.61,28.5
Pirkwieser2009_4D5,p4c104,MIN,,2465.7,26.9,2459.19,27.8
Pirkwieser2009_4D5,p4c105,MIN,,2962.17,24.6,2957.97,24.8
Pirkwieser2009_4D5,p4rc101,MIN,,3988.69,25.8,3989.75,26.3
Pirkwieser2009_4D5,p4rc102,MIN,,3806.24,25.6,3796.09,26.4
Pirkwieser2009_4D5,p4rc103,MIN,,3494.62,27.9,3484.76,28.5
Pirkwieser2009_4D5,p4rc104,MIN,,3042.86,29.1,3036.39,30.2
Pirkwieser2009_4D5,p4rc105,MIN,,3995.56,25.1,3991.06,25.5
Pirkwieser2009_4D10,p4r101,MIN,,4121.55,23.1,4096.09,26.5
Pirkwieser2009_4D10,p4r102,MIN,,3741.79,24.1,3735.85,26.6
Pirkwieser2009_4D10,p4r103,MIN,,3184.83,24.8,3171.48,28.4
Pirkwieser2009_4D10,p4r104,MIN,,2602.87,27.9,2595.44,42.7
Pirkwieser2009_4D10,p4r105,MIN,,3687.94,24.5,3679.66,48.5
Pirkwieser2009_4D10,p4c101,MIN,,2910.06,22.6,2909.72,23.7
Pirkwieser2009_4D10,p4c102,MIN,,2930.78,25.3,2917.46,28.7
Pirkwieser2009_4D10,p4c103,MIN,,2783.91,28.4,2762.38,38.6
Pirkwieser2009_4D10,p4c104,MIN,,2468.14,27,2459.52,41.9
Pirkwieser2009_4D10,p4c105,MIN,,2952.66,24.8,2924.55,31.6
Pirkwieser2009_4D10,p4rc101,MIN,,3992.15,26.1,3978.48,33.7
Pirkwieser2009_4D10,p4rc102,MIN,,3802.65,26.1,3778.23,33.9
Pirkwieser2009_4D10,p4rc103,MIN,,3500.27,28.2,3475.95,31
Pirkwieser2009_4D10,p4rc104,MIN,,3048.23,29.2,3036.61,54.1
Pirkwieser2009_4D10,p4rc105,MIN,,3997.55,25.2,3976.16,30.1
Pirkwieser2009_4D15,p4r101,MIN,,4118.6,23.2,4090.09,29
Pirkwieser2009_4D15,p4r102,MIN,,3742.85,24.2,3732.34,30.9
Pirkwieser2009_4D15,p4r103,MIN,,3186.7,24.8,3165.72,33.9
Pirkwieser2009_4D15,p4r104,MIN,,2605.36,28.3,2598.18,56
Pirkwieser2009_4D15,p4r105,MIN,,3690.29,24.6,3686.14,49.3
Pirkwieser2009_4D15,p4c101,MIN,,2909.91,22.7,2909.39,24.7
Pirkwieser2009_4D15,p4c102,MIN,,2921.32,25.4,2905.16,36.4
Pirkwieser2009_4D15,p4c103,MIN,,2777.3,28.7,2759.78,51.8
Pirkwieser2009_4D15,p4c104,MIN,,2471.83,27.1,2454.69,49.2
Pirkwieser2009_4D15,p4c105,MIN,,2942.26,25,2906.69,37.6
Pirkwieser2009_4D15,p4rc101,MIN,,3996.6,26.2,3974.09,46.8
Pirkwieser2009_4D15,p4rc102,MIN,,3801.01,26.1,3764.99,43.4
Pirkwieser2009_4D15,p4rc103,MIN,,3502.18,28.3,3466.99,34.7
Pirkwieser2009_4D15,p4rc104,MIN,,3051.19,29.3,3031.49,57
Pirkwieser2009_4D15,p4rc105,MIN,,4000.98,25.3,3970.49,45
Pirkwieser2009_6D5,p6r101,MIN,,5402.01,26.4,5399.76,27.8
Pirkwieser2009_6D5,p6r102,MIN,,5255.09,27.5,5244.59,32.5
Pirkwieser2009_6D5,p6r103,MIN,,4011.33,29.4,3991.46,32.5
Pirkwieser2009_6D5,p6r104,MIN,,3376.35,30,3373.36,34.3
Pirkwieser2009_6D5,p6r105,MIN,,4340.76,28.8,4337.54,31.3
Pirkwieser2009_6D5,p6c101,MIN,,4078.48,30.6,4060.83,31.4
Pirkwieser2009_6D5,p6c102,MIN,,3867.79,30.6,3868.96,32.2
Pirkwieser2009_6D5,p6c103,MIN,,3584.92,34.6,3583.2,37.5
Pirkwieser2009_6D5,p6c104,MIN,,3286.67,33.5,3284.07,37.5
Pirkwieser2009_6D5,p6c105,MIN,,4124.3,30.5,4112.89,31.4
Pirkwieser2009_6D5,p6rc101,MIN,,5830.37,28,5831.77,31.7
Pirkwieser2009_6D5,p6rc102,MIN,,5449.68,29,5466.58,33
Pirkwieser2009_6D5,p6rc103,MIN,,4366.4,32.6,4351.5,35.6
Pirkwieser2009_6D5,p6rc104,MIN,,4130.7,31.9,4132.9,38.3
Pirkwieser2009_6D5,p6rc105,MIN,,5331.66,29.5,5321.82,32.4
Pirkwieser2009_6D10,p6r101,MIN,,5404.53,26.6,5390.21,37.8
Pirkwieser2009_6D10,p6r102,MIN,,5252.94,27.9,5249.8,55.3
Pirkwieser2009_6D10,p6r103,MIN,,4006.43,29.6,3996.78,58
Pirkwieser2009_6D10,p6r104,MIN,,3377.63,30.4,3372.81,59.1
Pirkwieser2009_6D10,p6r105,MIN,,4346.55,29.2,4337.64,58.2
Pirkwieser2009_6D10,p6c101,MIN,,4049.95,30.9,4055.21,59.2
Pirkwieser2009_6D10,p6c102,MIN,,3866.77,30.6,3861.91,58.7
Pirkwieser2009_6D10,p6c103,MIN,,3589.74,34.7,3576.5,67.6
Pirkwieser2009_6D10,p6c104,MIN,,3287.39,33.6,3289.73,65.6
Pirkwieser2009_6D10,p6c105,MIN,,4115.2,30.8,4119.17,60
Pirkwieser2009_6D10,p6rc101,MIN,,5833.97,28.3,5821.63,56.2
Pirkwieser2009_6D10,p6rc102,MIN,,5468.39,29.2,5446,58.5
Pirkwieser2009_6D10,p6rc103,MIN,,4373.9,33,4359.78,65.1
Pirkwieser2009_6D10,p6rc104,MIN,,4146,32,4139.72,63.8
Pirkwieser2009_6D10,p6rc105,MIN,,5339.5,29.5,5329.84,59.2
Pirkwieser2009_6D15,p6r101,MIN,,5402.38,26.8,5385.03,49
Pirkwieser2009_6D15,p6r102,MIN,,5255.77,28,5249.56,55.6
Pirkwieser2009_6D15,p6r103,MIN,,4015.02,30,4008.83,59.8
Pirkwieser2009_6D15,p6r104,MIN,,3382.94,30.5,3381.98,60.1
Pirkwieser2009_6D15,p6r105,MIN,,4350.98,29,4353.84,59.4
Pirkwieser2009_6D15,p6c101,MIN,,4054.29,31.1,4050.81,61.8
Pirkwieser2009_6D15,p6c102,MIN,,3861.62,30.8,3861.86,62.2
Pirkwieser2009_6D15,p6c103,MIN,,3587.16,35.1,3580.92,70.3
Pirkwieser2009_6D15,p6c104,MIN,,3293.76,34.1,3291.96,68
Pirkwieser2009_6D15,p6c105,MIN,,4118.48,30.6,4104.31,61.5
Pirkwieser2009_6D15,p6rc101,MIN,,5839.42,28.5,5833.46,57
Pirkwieser2009_6D15,p6rc102,MIN,,5474.09,29.6,5460.7,59
Pirkwieser2009_6D15,p6rc103,MIN,,4373.31,33.2,4366.85,66.1
Pirkwieser2009_6D15,p6rc104,MIN,,4154.2,32.3,4149.87,64.2
Pirkwieser2009_6D15,p6rc105,MIN,,5346.52,30,5340.75,59.7
Pirkwieser2009_6D6,p6r101,MIN,,5403.42,26.2,5397.93,27.9
Pirkwieser2009_6D6,p6r102,MIN,,5250.62,27.4,5247.88,40.2
Pirkwieser2009_6D6,p6r103,MIN,,4004.61,29,4002.86,35.3
Pirkwieser2009_6D6,p6r104,MIN,,3376.94,29.8,3375.07,36.4
Pirkwieser2009_6D6,p6r105,MIN,,4342.18,28.8,4334.24,33.5
Pirkwieser2009_6D6,p6c101,MIN,,4066.66,30.4,4059.06,32.6
Pirkwieser2009_6D6,p6c102,MIN,,3871.16,30.2,3870.1,37.5
Pirkwieser2009_6D6,p6c103,MIN,,3581.14,34.3,3575.8,41
Pirkwieser2009_6D6,p6c104,MIN,,3291.55,33.1,3282.65,39.6
Pirkwieser2009_6D6,p6c105,MIN,,4124.76,30.2,4113.98,34.8
Pirkwieser2009_6D6,p6rc101,MIN,,5832.36,27.7,5823.02,40.2
Pirkwieser2009_6D6,p6rc102,MIN,,5464.5,28.8,5447.06,37.8
Pirkwieser2009_6D6,p6rc103,MIN,,4369.68,32.7,4356.5,37.5
Pirkwieser2009_6D6,p6rc104,MIN,,4136.32,31.6,4134.89,46.7
Pirkwieser2009_6D6,p6rc105,MIN,,5326.71,29.2,5324.04,37.4
Pirkwieser2009_6D7,p6r101,MIN,,5402.42,26.2,5395.88,28.7
Pirkwieser2009_6D7,p6r102,MIN,,5251.83,27.3,5247.96,50.3
Pirkwieser2009_6D7,p6r103,MIN,,4009.22,29.1,3996.57,39.3
Pirkwieser2009_6D7,p6r104,MIN,,3381.93,29.8,3372.69,44.3
Pirkwieser2009_6D7,p6r105,MIN,,4344.48,28.7,4328.45,41.2
Pirkwieser2009_6D7,p6c101,MIN,,4051.95,30.4,4056.32,38.9
Pirkwieser2009_6D7,p6c102,MIN,,3868.4,30.4,3864.41,39
Pirkwieser2009_6D7,p6c103,MIN,,3593.04,34.2,3579.95,48.7
Pirkwieser2009_6D7,p6c104,MIN,,3287.61,32.9,3280.17,46.3
Pirkwieser2009_6D7,p6c105,MIN,,4110.27,30.2,4111.19,40.9
Pirkwieser2009_6D7,p6rc101,MIN,,5830.79,28,5821.85,50
Pirkwieser2009_6D7,p6rc102,MIN,,5464.6,28.8,5440.55,44.1
Pirkwieser2009_6D7,p6rc103,MIN,,4365.63,32.6,4352.63,45.8
Pirkwieser2009_6D7,p6rc104,MIN,,4146.65,31.4,4139.7,55.1
Pirkwieser2009_6D7,p6rc105,MIN,,5331,29.4,5323.6,46.4
Pirkwieser2009_6D8,p6r101,MIN,,5400.68,26.3,5392.52,30.6
Pirkwieser2009_6D8,p6r102,MIN,,5256.14,27.4,5244,53.7
Pirkwieser2009_6D8,p6r103,MIN,,4010.68,29.1,3998.23,48.2
Pirkwieser2009_6D8,p6r104,MIN,,3378.82,29.8,3370.82,50
Pirkwieser2009_6D8,p6r105,MIN,,4343.22,28.9,4338.28,52.3
Pirkwieser2009_6D8,p6c101,MIN,,4055.49,30.4,4058.62,43.4
Pirkwieser2009_6D8,p6c102,MIN,,3866.25,30.4,3864.94,46.4
Pirkwieser2009_6D8,p6c103,MIN,,3589.5,34.5,3574.98,54.6
Pirkwieser2009_6D8,p6c104,MIN,,3278.92,33.4,3282.54,52.8
Pirkwieser2009_6D8,p6c105,MIN,,4112.76,30.2,4108.25,47.8
Pirkwieser2009_6D8,p6rc101,MIN,,5834.87,28,5815.8,53.7
Pirkwieser2009_6D8,p6rc102,MIN,,5461.56,28.9,5448.11,53
Pirkwieser2009_6D8,p6rc103,MIN,,4367.29,32.6,4353.06,54.2
Pirkwieser2009_6D8,p6rc104,MIN,,4146.49,31.6,4136.09,62.3
Pirkwieser2009_6D8,p6rc105,MIN,,5337.35,29.3,5318.69,54.8
Pirkwieser2009_6D9,p6r101,MIN,,5406.09,26.3,5391.93,33.2
Pirkwieser2009_6D9,p6r102,MIN,,5251.95,27.5,5252.02,54.8
Pirkwieser2009_6D9,p6r103,MIN,,4014.87,29.5,3996.23,54.2
Pirkwieser2009_6D9,p6r104,MIN,,3383.11,30,3379.34,56.4
Pirkwieser2009_6D9,p6r105,MIN,,4344.83,28.8,4335.15,55.1
Pirkwieser2009_6D9,p6c101,MIN,,4059.66,30.5,4052.32,51.9
Pirkwieser2009_6D9,p6c102,MIN,,3868.4,30.4,3867.13,54.2
Pirkwieser2009_6D9,p6c103,MIN,,3579.45,34.6,3578.3,61.9
Pirkwieser2009_6D9,p6c104,MIN,,3288.56,33.2,3288.17,60.1
Pirkwieser2009_6D9,p6c105,MIN,,4111.91,30.2,4122.3,57.7
Pirkwieser2009_6D9,p6rc101,MIN,,5834.19,28,5820.97,55.4
Pirkwieser2009_6D9,p6rc102,MIN,,5460.1,29,5442.78,56.9
Pirkwieser2009_6D9,p6rc103,MIN,,4368.73,32.7,4357.15,60.8
Pirkwieser2009_6D9,p6rc104,MIN,,4142.93,31.8,4143.03,62.9
Pirkwieser2009_6D9,p6rc105,MIN,,5338.34,29.5,5325.33,58
Russell2006,R101,MIN,,1650.8,388.2,1650.8,388.5
Russell2006,R102,MIN,,1486.12,526.5,1486.12,526.8
Russell2006,R103,MIN,,1297.695,798.3,1294.13,800.1
Russell2006,R104,MIN,,991.59,1943.4,983.355,1954.5
Russell2006,R105,MIN,,1377.455,963,1377.11,966.3
Russell2006,R106,MIN,,1254.27,656.1,1252.555,661.5
Russell2006,R107,MIN,,1121.5,903.3,1108.69,937.8
Russell2006,R108,MIN,,969.15,1766.1,969.15,1950
Russell2006,R109,MIN,,1205.24,1022.7,1194.73,1050
Russell2006,R110,MIN,,1099.145,1479.9,1134.115,2043.9
Russell2006,R111,MIN,,1119.505,1233,1103.25,1262.1
Russell2006,R112,MIN,,973.775,1428.6,964.495,1640.4
Russell2006,RC101,MIN,,1721.39,1054.5,1696.445,1058.7
Russell2006,RC102,MIN,,1598.75,1105.8,1557.855,1532.1
Russell2006,RC103,MIN,,1266.985,1250.4,1262.66,1279.8
Russell2006,RC104,MIN,,1139.335,1566.6,1136.535,1619.1
Russell2006,RC105,MIN,,1640.3,861.6,1629.44,864.9
Russell2006,RC106,MIN,,1393.305,1084.2,1461.455,1129.2
Russell2006,RC107,MIN,,1233.68,1248,1230.54,1261.5
Russell2006,RC108,MIN,,1153.75,1616.4,1149.71,1679.7
Russell2006,R201,MIN,,1278.505,675.3,1266.43,678.3
Russell2006,R202,MIN,,1245.64,1031.4,1245.64,1033.2
Russell2006,R203,MIN,,960.715,889.5,957.79,890.7
Russell2006,R204,MIN,,862.325,1493.1,856.935,1494.3
Russell2006,R205,MIN,,1083.21,679.2,1065.635,679.8
Russell2006,R206,MIN,,949.02,1438.2,948.17,1442.7
Russell2006,R207,MIN,,928.15,1136.7,928.15,1137.9
Russell2006,R208,MIN,,754.26,1840.2,747.845,1840.8
Russell2006,R209,MIN,,957.145,742.2,948.56,746.1
Russell2006,R210,MIN,,999.805,671.1,999.805,671.7
Russell2006,R211,MIN,,822.245,1952.7,817.81,1954.2
Russell2006,RC201,MIN,,1476.79,172.5,1454.56,174.6
Russell2006,RC202,MIN,,1528.37,252.3,1480.01,252.6
Russell2006,RC203,MIN,,1135.23,468.6,1106.81,468.6
Russell2006,RC204,MIN,,829.2,2178.6,822.695,2178.9
Russell2006,RC205,MIN,,1353.65,594.3,1346.995,595.8
Russell2006,RC206,MIN,,1188.96,510.9,1178.82,512.7
Russell2006,RC207,MIN,,1169.74,856.2,1169.735,857.7
Russell2006,RC208,MIN,,873.665,2304.3,873.665,2306.1
Russell2006,C101,MIN,,828.94,773.7,828.94,774.3
Russell2006,C102,MIN,,828.94,453.9,828.94,463.8
Russell2006,C103,MIN,,824.78,420.6,824.78,459.6
Russell2006,C104,MIN,,828.94,3337.5,828.94,3396.6
Russell2006,C105,MIN,,828.94,989.7,828.94,990
Russell2006,C106,MIN,,828.94,1696.2,828.94,1696.5
Russell2006,C107,MIN,,828.94,1104.6,828.94,1105.2
Russell2006,C108,MIN,,828.94,371.1,828.94,378.3
Russell2006,C109,MIN,,828.94,262.5,828.94,281.7
Russell2006,C201,MIN,,591.56,981.6,591.56,982.5
Russell2006,C202,MIN,,591.56,1513.2,591.56,1516.5
Russell2006,C203,MIN,,591.17,3468.6,591.17,3472.2
Russell2006,C204,MIN,,599.68,719.1,590.6,765
Russell2006,C205,MIN,,588.88,1682.4,588.88,1682.7
Russell2006,C206,MIN,,588.49,252.6,588.49,252.9
Russell2006,C207,MIN,,588.49,435,588.49,460.8
Russell2006,C208,MIN,,588.32,1416.6,588.32,1449.3
Mendoza2016,A-n32-k5,MIN,10,853.6,14.54,853.6,14.59
Mendoza2016,A-n33-k5,MIN,10,704.84,13.08,704.2,13.15
Mendoza2016,A-n33-k6,MIN,10,793.96,13.28,793.9,13.34
Mendoza2016,A-n34-k5,MIN,10,826.87,14.49,826.87,14.58
Mendoza2016,A-n36-k5,MIN,10,858.98,20.09,858.71,20.26
Mendoza2016,A-n37-k5,MIN,10,708.48,23.12,708.34,23.23
Mendoza2016,A-n37-k6,MIN,10,1031.86,20.04,1030.86,20.14
Mendoza2016,A-n38-k5,MIN,10,775.26,20.02,775.13,20.11
Mendoza2016,A-n39-k5,MIN,10,870.18,27.73,869.18,27.89
Mendoza2016,A-n39-k6,MIN,10,876.6,25.24,876.6,25.33
Mendoza2016,A-n44-k6,MIN,10,1035.57,33.67,1025.92,33.93
Mendoza2016,A-n45-k6,MIN,10,1026.86,31.81,1026.81,31.93
Mendoza2016,A-n45-k7,MIN,10,1289.3,38.05,1267.05,38.47
Mendoza2016,A-n46-k7,MIN,10,1003.12,46.07,1002.22,46.23
Mendoza2016,A-n48-k7,MIN,10,1198.53,54.83,1187.32,55.05
Mendoza2016,A-n53-k7,MIN,10,1128.02,79.69,1124.27,80.22
Mendoza2016,A-n54-k7,MIN,10,1289.14,85.95,1287.41,86.17
Mendoza2016,A-n55-k9,MIN,10,1179.63,66.03,1179.11,66.16
Mendoza2016,A-n60-k9,MIN,10,1535.37,100.55,1530.08,102.43
Mendoza2016,E-n22-k4,MIN,10,411.57,4.21,411.57,4.24
Mendoza2016,E-n33-k4,MIN,10,853.28,24.51,851.87,24.66
Mendoza2016,E-n51-k5,MIN,10,552.65,56.43,552.26,56.75
Mendoza2016,P-n16-k8,MIN,10,512.82,1.67,512.82,1.69
Mendoza2016,P-n19-k2,MIN,10,224.06,3.49,224.06,3.51
Mendoza2016,P-n20-k2,MIN,10,233.05,4.73,233.05,4.76
Mendoza2016,P-n21-k2,MIN,10,218.96,6.01,218.96,6.04
Mendoza2016,P-n22-k2,MIN,10,231.26,7.06,231.26,7.1
Mendoza2016,P-n22-k8,MIN,10,681.06,4.7,681.06,4.72
Mendoza2016,P-n23-k8,MIN,10,619.6,5.43,619.53,5.45
Mendoza2016,P-n40-k5,MIN,10,472.51,26.33,472.5,26.49
Mendoza2016,P-n45-k5,MIN,10,534.49,35.98,533.83,36.25
Mendoza2016,P-n50-k10,MIN,10,761.96,40.06,758.76,40.4
Mendoza2016,P-n50-k7,MIN,10,586.12,43.87,582.37,44.17
Mendoza2016,P-n50-k8,MIN,10,672.95,39.34,669.33,39.7
Mendoza2016,P-n51-k10,MIN,10,814.89,52.52,809.7,52.72
Mendoza2016,P-n55-k10,MIN,10,751.04,56.02,742.41,56.26
Mendoza2016,P-n55-k15,MIN,10,1071.31,71.97,1068.05,72.1
Mendoza2016,P-n55-k7,MIN,10,591.14,64.13,588.76,64.54
Mendoza2016,P-n60-k10,MIN,10,809.49,72.69,803.6,73.36
Mendoza2016,P-n60-k15,MIN,10,1092.26,85.37,1085.49,85.52
Cabrera2022,20_A_1,MIN,10,30.94815508,11.09142739,30.94815508,11.25571834
Cabrera2022,20_A_2,MIN,10,41.5928906,9.788376069,41.55468666,9.962162778
Cabrera2022,20_A_3,MIN,10,36.24685157,11.80446159,36.23938329,11.9868533
Cabrera2022,20_A_4,MIN,10,36.02512772,11.12018032,36.02512772,11.27667269
Cabrera2022,20_A_5,MIN,10,35.27473291,9.610618388,35.27473291,9.759786193
Cabrera2022,20_A_6,MIN,10,42.2865515,8.497846061,42.2865515,8.646235163
Cabrera2022,20_A_7,MIN,10,38.70474151,9.158080984,38.68807931,9.309676024
Cabrera2022,20_A_8,MIN,10,36.85038991,8.25697985,36.85038991,8.415055214
Cabrera2022,20_A_9,MIN,10,29.65021542,10.0340807,29.65021542,10.19545893
Cabrera2022,20_A_10,MIN,10,39.66561996,10.11675984,39.66561996,10.28298196
Cabrera2022,30_A_1,MIN,10,40.88554585,18.18589927,40.7372416,19.09152608
Cabrera2022,30_A_2,MIN,10,45.75690096,19.19110519,45.66349478,20.92097279
Cabrera2022,30_A_3,MIN,10,49.18620446,17.78610105,49.18277428,18.9787842
Cabrera2022,30_A_4,MIN,10,43.76212237,22.75118169,43.75558659,23.39018488
Cabrera2022,30_A_5,MIN,10,47.12421277,18.53162199,47.06186108,19.27676176
Cabrera2022,30_A_6,MIN,10,50.01997354,18.05350681,49.58798213,18.85286155
Cabrera2022,30_A_7,MIN,10,45.55367044,22.33320495,45.55170066,23.22435991
Cabrera2022,30_A_8,MIN,10,43.70415331,16.81599696,43.67993053,17.9310626
Cabrera2022,30_A_9,MIN,10,41.21962406,23.56161462,41.16086125,24.33285513
Cabrera2022,30_A_10,MIN,10,46.89361459,20.97928374,46.89361459,22.08711198
Cabrera2022,40_A_1,MIN,10,61.69804244,28.42741382,60.6183288,28.62001061
Cabrera2022,40_A_2,MIN,10,60.5142036,29.09258995,59.71433563,29.34999931
Cabrera2022,40_A_3,MIN,10,65.24783589,27.61513989,63.56229908,27.83902698
Cabrera2022,40_A_4,MIN,10,50.83843484,36.9090224,50.37304041,37.54927393
Cabrera2022,40_A_5,MIN,10,52.17226329,28.16169093,51.72778346,33.60692493
Cabrera2022,40_A_6,MIN,10,61.43656069,33.05885974,61.2620886,33.29378857
Cabrera2022,40_A_7,MIN,10,55.19815453,37.44716874,54.91295577,38.14029478
Cabrera2022,40_A_8,MIN,10,57.24089113,25.3705717,56.55907483,49.4574677
Cabrera2022,40_A_9,MIN,10,57.63439412,32.33120117,56.60343153,32.56044588
Cabrera2022,40_A_10,MIN,10,57.70126312,33.85039449,57.69626275,34.17378344
Cabrera2022,50_A_1,MIN,10,58.60664647,42.28392437,57.02352442,50.11704425
Cabrera2022,50_A_2,MIN,10,63.98759449,45.23670053,61.9183021,76.29673416
Cabrera2022,50_A_3,MIN,10,66.64207148,38.90447712,64.02389704,61.25454166
Cabrera2022,50_A_4,MIN,10,60.2510508,47.26745593,57.98563173,68.72213396
Cabrera2022,50_A_5,MIN,10,66.10347296,37.12353993,64.13301777,39.66425789
Cabrera2022,50_A_6,MIN,10,65.32205517,47.38574118,64.87624963,54.24397251
Cabrera2022,50_A_7,MIN,10,64.92599419,52.01885276,64.02743675,62.35944974
Cabrera2022,50_A_8,MIN,10,71.59280439,38.05031884,69.24002633,43.86383214
Cabrera2022,50_A_9,MIN,10,61.88212312,47.43727562,59.41569582,68.61825975
Cabrera2022,50_A_10,MIN,10,63.08659879,49.53964678,61.47525735,61.01752035
Pillac2013,C101,MIN,10,827.3,14695.9,827.3,14858.8
Pillac2013,C102,MIN,10,827.3,14397,827.3,14881.8
Pillac2013,C103,MIN,10,826.3,15085,826.3,15650.7
Pillac2013,C104,MIN,10,822.9,16443.5,822.9,17108.4
Pillac2013,C105,MIN,10,827.3,14098.3,827.3,14307.1
Pillac2013,C106,MIN,10,827.3,14202.2,827.3,14506.3
Pillac2013,C107,MIN,10,827.3,13937,827.3,14190.9
Pillac2013,C108,MIN,10,827.3,13745.1,827.3,14169.9
Pillac2013,C109,MIN,10,827.3,14361.2,827.3,14953.4
Pillac2013,C201,MIN,10,589.1,27754.5,589.1,27757.7
Pillac2013,C202,MIN,10,589.1,24279.6,589.1,24523.6
Pillac2013,C203,MIN,10,588.7,26363.4,588.7,26741.6
Pillac2013,C204,MIN,10,589.09,30272.6,588.1,30767.4
Pillac2013,C205,MIN,10,586.4,27574.4,586.4,27658.6
Pillac2013,C206,MIN,10,586,25058.8,586,25154.4
Pillac2013,C207,MIN,10,585.8,25370.9,585.8,25444.9
Pillac2013,C208,MIN,10,585.8,25341.2,585.8,25463.9
Pillac2013,R101,MIN,10,1628.25,11444.4,1637.7,13267.9
Pillac2013,R102,MIN,10,1467.67,12617.3,1466.6,13338.3
Pillac2013,R103,MIN,10,1213.87,13405.1,1209.3,15880.9
Pillac2013,R104,MIN,10,977.46,14500.9,974.11,37741.4
Pillac2013,R105,MIN,10,1359.62,12288.6,1355.3,17693.8
Pillac2013,R106,MIN,10,1236.83,13564.3,1234.69,18003.8
Pillac2013,R107,MIN,10,1076.43,13662.4,1067.54,44009.9
Pillac2013,R108,MIN,10,948.8,14753.2,934.94,58150.8
Pillac2013,R109,MIN,10,1152.61,12322.1,1146.9,22895.3
Pillac2013,R110,MIN,10,1076.38,12586.9,1068.75,29528.4
Pillac2013,R111,MIN,10,1051.74,13323.8,1048.88,27509.5
Pillac2013,R112,MIN,10,961.42,13229.6,953.55,185705.6
Pillac2013,R201,MIN,10,1150.72,17332.6,1145.57,19720.8
Pillac2013,R202,MIN,10,1034.74,21489.5,1032.6,26785.4
Pillac2013,R203,MIN,10,875.44,25128.1,874.4,26707.3
Pillac2013,R204,MIN,10,737.23,29207.6,735.71,30472.2
Pillac2013,R205,MIN,10,955.32,19982.2,953.55,21375.6
Pillac2013,R206,MIN,10,883.59,24713.2,880.98,26328.4
Pillac2013,R207,MIN,10,797.75,27103.1,796.19,28688.1
Pillac2013,R208,MIN,10,702.99,34220.5,702.41,36134.2
Pillac2013,R209,MIN,10,862.93,21390.6,857.7,23410.4
Pillac2013,R210,MIN,10,909.75,22549.3,908.31,25235
Pillac2013,R211,MIN,10,757.21,25968.1,755.54,27557.2
Pillac2013,RC101,MIN,10,1641.24,12159.8,1622.04,18204.7
Pillac2013,RC102,MIN,10,1476.11,12742.6,1458.53,24947.9
Pillac2013,RC103,MIN,10,1281.93,12765.9,1264.34,51564.1
Pillac2013,RC104,MIN,10,1144.12,13868.8,1133.04,28839
Pillac2013,RC105,MIN,10,1526.44,12163.2,1513.86,19070.5
Pillac2013,RC106,MIN,10,1388.36,12290.7,1373.65,112426.3
Pillac2013,RC107,MIN,10,1236.13,12257.8,1210.51,20813.5
Pillac2013,RC108,MIN,10,1127.23,12690.9,1115.42,25629.2
Pillac2013,RC201,MIN,10,1267.95,17145.3,1263.75,18444.6
Pillac2013,RC202,MIN,10,1102.3,20134.7,1095.98,21411.7
Pillac2013,RC203,MIN,10,939.82,22401.6,933.03,24116.6
Pillac2013,RC204,MIN,10,787.96,28515,786.12,29062.3
Pillac2013,RC205,MIN,10,1158.56,17527.4,1154.89,18486.8
Pillac2013,RC206,MIN,10,1064.25,18594.9,1061.61,20513.8
Pillac2013,RC207,MIN,10,970.78,20903.3,967.02,22683.5
Pillac2013,RC208,MIN,10,789.35,25146.5,784.62,26316.3
Pillac2013,C101.100_25-5-5-5,MIN,10,11069.07647,21.7456,10818.09145,841.8352
Pillac2013,C102.100_25-5-5-5,MIN,10,10385.32403,31.5661,10247.21387,120.4362
Pillac2013,C103.100_25-5-5-5,MIN,10,10365.95415,24.2083,10302.18577,616.0818
Pillac2013,C104.100_25-5-5-5,MIN,10,10175.44159,26.4694,10121.72388,340.4718
Pillac2013,C105.100_25-5-5-5,MIN,10,10754.72075,19.2766,10595.2727,669.7997
Pillac2013,C106.100_25-5-5-5,MIN,10,10448.87775,22.4385,10349.17735,98.8417
Pillac2013,C107.100_25-5-5-5,MIN,10,10470.89776,22.8958,10378.11762,460.4165
Pillac2013,C108.100_25-5-5-5,MIN,10,10340.85826,23.8347,10281.27696,538.2279
Pillac2013,C109.100_25-5-5-5,MIN,10,10136.3114,23.9721,10124.33157,29.9628
Pillac2013,C201.100_25-5-5-5,MIN,10,10334.31085,27.0938,10281.38108,44.7497
Pillac2013,C202.100_25-5-5-5,MIN,10,10095.78944,24.4791,10040.52476,34.5694
Pillac2013,C203.100_25-5-5-5,MIN,10,10099.86288,25.486,10046.60102,38.1842
Pillac2013,C204.100_25-5-5-5,MIN,10,9940.5455,34.0686,9923.46831,52.3988
Pillac2013,C205.100_25-5-5-5,MIN,10,10310.7494,25.7859,10267.43582,85.5793
Pillac2013,C206.100_25-5-5-5,MIN,10,10049.98494,27.84,10020.10222,57.6514
Pillac2013,C207.100_25-5-5-5,MIN,10,9910.01513,29.1841,9885.81202,33.4796
Pillac2013,C208.100_25-5-5-5,MIN,10,10017.18601,28.8501,10005.69797,64.8796
Pillac2013,R101.100_25-5-5-5,MIN,10,3498.82325,20.1865,3180.3846,112.4021
Pillac2013,R102.100_25-5-5-5,MIN,10,3367.91575,20.9621,3101.76223,319.8701
Pillac2013,R103.100_25-5-5-5,MIN,10,2619.79791,29.6214,2455.73125,506.4295
Pillac2013,R104.100_25-5-5-5,MIN,10,2356.71273,25.5297,2299.44943,208.2702
Pillac2013,R105.100_25-5-5-5,MIN,10,3179.13701,30.6663,3015.06135,313.0978
Pillac2013,R106.100_25-5-5-5,MIN,10,2804.14049,29.7361,2684.24666,785.8808
Pillac2013,R107.100_25-5-5-5,MIN,10,2184.92208,46.0531,2148.906,268.476
Pillac2013,R108.100_25-5-5-5,MIN,10,2151.08753,24.8004,2124.09875,51.6502
Pillac2013,R109.100_25-5-5-5,MIN,10,2701.85379,30.4782,2599.65566,1112.1776
Pillac2013,R110.100_25-5-5-5,MIN,10,2415.37915,37.1192,2379.81205,456.236
Pillac2013,R111.100_25-5-5-5,MIN,10,2623.25354,25.1712,2583.94579,1257.1525
Pillac2013,R112.100_25-5-5-5,MIN,10,2199.11481,25.8927,2163.09367,957.3714
Pillac2013,R201.100_25-5-5-5,MIN,10,2699.02173,25.9407,2690.13108,102.6294
Pillac2013,R202.100_25-5-5-5,MIN,10,2435.15263,30.3416,2426.59341,62.686
Pillac2013,R203.100_25-5-5-5,MIN,10,2398.70861,22.8421,2389.71657,52.385
Pillac2013,R204.100_25-5-5-5,MIN,10,1978.6998,40.3014,1977.1689,50.1821
Pillac2013,R205.100_25-5-5-5,MIN,10,2312.15033,26.2025,2302.73713,89.5454
Pillac2013,R206.100_25-5-5-5,MIN,10,2107.82647,29.0023,2104.40096,44.7847
Pillac2013,R207.100_25-5-5-5,MIN,10,1999.31197,32.7005,1995.37453,41.9054
Pillac2013,R208.100_25-5-5-5,MIN,10,1893.468,41.8617,1892.5873,123.4997
Pillac2013,R209.100_25-5-5-5,MIN,10,2175.9075,28.525,2170.2819,36.3539
Pillac2013,R210.100_25-5-5-5,MIN,10,2145.61704,30.9603,2140.0268,102.1549
Pillac2013,R211.100_25-5-5-5,MIN,10,1999.73648,32.6132,1998.36556,98.4257
Pillac2013,RC101.100_25-5-5-5,MIN,10,3053.12051,24.246,2887.25329,100.372
Pillac2013,RC102.100_25-5-5-5,MIN,10,2973.72526,26.3776,2877.08868,177.8793
Pillac2013,RC103.100_25-5-5-5,MIN,10,2538.48201,28.4236,2514.34668,226.2866
Pillac2013,RC104.100_25-5-5-5,MIN,10,2198.02238,39.3926,2176.36193,142.0062
Pillac2013,RC105.100_25-5-5-5,MIN,10,2867.87996,25.1757,2736.22232,164.6852
Pillac2013,RC106.100_25-5-5-5,MIN,10,2905.55,20.5133,2787.82643,141.7726
Pillac2013,RC107.100_25-5-5-5,MIN,10,2658.54985,29.3639,2602.41851,645.6807
Pillac2013,RC108.100_25-5-5-5,MIN,10,2469.63285,29.7828,2390.92396,110.8754
Pillac2013,RC201.100_25-5-5-5,MIN,10,2781.16076,25.9413,2753.2721,43.2936
Pillac2013,RC202.100_25-5-5-5,MIN,10,2537.32476,25.1809,2524.90326,30.0767
Pillac2013,RC203.100_25-5-5-5,MIN,10,2367.5295,27.2787,2360.93738,37.7175
Pillac2013,RC204.100_25-5-5-5,MIN,10,2085.47372,34.3284,2082.52907,47.5793
Pillac2013,RC205.100_25-5-5-5,MIN,10,2640.25361,22.6592,2607.35974,33.015
Pillac2013,RC206.100_25-5-5-5,MIN,10,2396.78459,26.2376,2389.84576,48.6204
Pillac2013,RC207.100_25-5-5-5,MIN,10,2276.02017,29.7359,2272.20444,74.0953
Pillac2013,RC208.100_25-5-5-5,MIN,10,1924.4669,32.2126,1918.84925,33.73
Huber2020_25,n101-s100,MIN,10,22703.16,150,22523.94,450
Huber2020_25,n106-s20,MIN,10,23810.62,150,23744.16,450
Huber2020_25,n110-s4,MIN,10,14958.06,150,14943.08,450
Huber2020_25,n115-s100,MIN,10,12682.44,150,12613.66,450
Huber2020_25,n120-s4,MIN,10,13582.1,150,13560,450
Huber2020_25,n125-s20,MIN,10,36931.2,150,36695.98,450
Huber2020_25,n129-s4,MIN,10,28735.94,150,28494.98,450
Huber2020_25,n134-s100,MIN,10,10296.42,150,10233.88,450
Huber2020_25,n139-s20,MIN,10,12936.6,150,12883.66,450
Huber2020_25,n143-s100,MIN,10,16283.02,150,16246.94,450
Huber2020_25,n148-s4,MIN,10,42363.58,150,42183.78,450
Huber2020_25,n153-s20,MIN,10,14895.8,150,14871.52,450
Huber2020_25,n157-s20,MIN,10,15944.14,150,15926.42,450
Huber2020_25,n162-s100,MIN,10,14082.78,150,14054.98,450
Huber2020_25,n167-s4,MIN,10,20039.56,150,20021.46,450
Huber2020_25,n172-s100,MIN,10,30255.82,150,30098.8,450
Huber2020_25,n176-s4,MIN,10,45876.68,150,45526.92,450
Huber2020_25,n181-s20,MIN,10,22860.08,150,22611.64,450
Huber2020_25,n186-s4,MIN,10,23336.46,150,23183.06,450
Huber2020_25,n190-s100,MIN,10,17110.4,150,17110.4,450
Huber2020_25,n195-s20,MIN,10,38192.26,150,37764.72,450
Huber2020_25,n200-s100,MIN,10,51569.04,150,51319.94,450
Huber2020_25,n204-s4,MIN,10,19424.48,150,19325.08,450
Huber2020_25,n209-s20,MIN,10,27687.32,150,27594.22,450
Huber2020_25,n214-s100,MIN,10,11525.74,150,11467.32,450
Huber2020_25,n219-s4,MIN,10,99445.46,150,99019.2,450
Huber2020_25,n223-s20,MIN,10,38240.84,150,37736.62,450
Huber2020_25,n228-s20,MIN,10,22792.26,150,22577.7,450
Huber2020_25,n233-s4,MIN,10,19237.32,150,19119.22,450
Huber2020_25,n237-s100,MIN,10,27979.52,150,27886,450
Huber2020_25,n242-s20,MIN,10,64089.82,150,63947.5,450
Huber2020_25,n247-s100,MIN,10,29418.16,150,29090.54,450
Huber2020_25,n251-s4,MIN,10,37922.8,150,37808.08,450
Huber2020_25,n256-s4,MIN,10,19561.9,150,19300.6,450
Huber2020_25,n261-s100,MIN,10,22928.86,150,22928.86,450
Huber2020_25,n266-s20,MIN,10,64763.32,150,64189.52,450
Huber2020_25,n270-s20,MIN,10,32058.08,150,31825.06,450
Huber2020_25,n275-s4,MIN,10,19034.9,150,18971.26,450
Huber2020_25,n280-s100,MIN,10,34118.52,150,34036.68,450
Huber2020_25,n284-s100,MIN,10,21493.88,150,21413.6,450
Huber2020_25,n289-s20,MIN,10,73659,150,73617.46,450
Huber2020_25,n294-s4,MIN,10,44231.94,150,43785.94,450
Huber2020_25,n298-s100,MIN,10,32712.78,150,32274.54,450
Huber2020_25,n303-s4,MIN,10,22205.46,150,22132.36,450
Huber2020_25,n308-s20,MIN,10,26692.44,150,26686.68,450
Huber2020_25,n313-s4,MIN,10,74647.38,150,74187.16,450
Huber2020_25,n317-s100,MIN,10,59359.34,150,59265.14,450
Huber2020_25,n322-s20,MIN,10,30150.3,150,30050.66,450
Huber2020_25,n327-s4,MIN,10,27646.6,150,27552.72,450
Huber2020_25,n331-s100,MIN,10,31867.9,150,31866.6,450
Huber2020_25,n336-s20,MIN,10,128960.88,150,128147.02,450
Huber2020_25,n344-s4,MIN,10,39778.9,150,39659.04,450
Huber2020_25,n351-s20,MIN,10,25772,150,25708.08,450
Huber2020_25,n359-s100,MIN,10,44401.44,150,44361.88,450
Huber2020_25,n367-s20,MIN,10,24979.56,150,24973.88,450
Huber2020_25,n376-s100,MIN,10,113314.78,150,112341.84,450
Huber2020_25,n384-s4,MIN,10,46286.28,150,46211.26,450
Huber2020_25,n393-s100,MIN,10,37349.22,150,37091.02,450
Huber2020_25,n401-s20,MIN,10,56159.82,150,55934.52,450
Huber2020_25,n411-s4,MIN,10,20250.94,150,20198.62,450
Huber2020_25,n420-s4,MIN,10,91618.22,150,90521.96,450
Huber2020_25,n429-s100,MIN,10,58394.74,150,57763.38,450
Huber2020_25,n439-s20,MIN,10,36718.46,150,36533.18,450
Huber2020_25,n449-s100,MIN,10,47047.9,150,47044.58,450
Huber2020_25,n459-s20,MIN,10,24833.12,150,24759.06,450
Huber2020_25,n469-s4,MIN,10,195111.84,150,193982.08,450
Huber2020_25,n480-s4,MIN,10,88394.82,150,88394.82,450
Huber2020_25,n491-s20,MIN,10,47575.32,150,47575.32,450
Huber2020_25,n502-s100,MIN,10,56100.1,150,55934.76,450
Huber2020_25,n513-s100,MIN,10,26055.48,150,25983.1,450
Huber2020_25,n524-s4,MIN,10,130033.3,150,129228.78,450
Huber2020_25,n536-s20,MIN,10,74510.12,150,74510.12,450
Huber2020_25,n548-s100,MIN,10,66817.86,150,66771.8,450
Huber2020_25,n561-s4,MIN,10,44693.12,150,44599.04,450
Huber2020_25,n573-s20,MIN,10,43621.98,150,43621.98,450
Huber2020_25,n586-s20,MIN,10,149755.66,150,149755.66,450
Huber2020_25,n599-s4,MIN,10,98928.04,150,98928.04,450
Huber2020_25,n613-s100,MIN,10,57672.2,150,57669.74,450
Huber2020_25,n627-s4,MIN,10,63874.38,150,63872.14,450
Huber2020_25,n641-s20,MIN,10,64449.36,150,64388.86,450
Huber2020_25,n655-s100,MIN,10,75839.84,150,75839.84,450
Huber2020_25,n670-s4,MIN,10,104375.3,150,104375.3,450
Huber2020_25,n685-s20,MIN,10,66485.34,150,66468.88,450
Huber2020_25,n701-s100,MIN,10,79077.6,150,79069,450
Huber2020_25,n716-s20,MIN,10,41902.46,150,41898.46,450
Huber2020_25,n733-s4,MIN,10,138903,150,138416.74,450
Huber2020_25,n749-s100,MIN,10,60620.9,150,60620.9,450
Huber2020_25,n766-s100,MIN,10,112831.6,150,112796.56,450
Huber2020_25,n783-s4,MIN,10,68984.36,150,68952.8,450
Huber2020_25,n801-s20,MIN,10,73768.22,150,73768.22,450
Huber2020_25,n819-s100,MIN,10,130738.92,150,130738.92,450
Huber2020_25,n837-s4,MIN,10,140928.12,150,140928.12,450
Huber2020_25,n856-s20,MIN,10,92471.18,150,92411.4,450
Huber2020_25,n876-s20,MIN,10,100624.34,150,100624.24,450
Huber2020_25,n895-s4,MIN,10,51954.2,150,51954.2,450
Huber2020_25,n916-s100,MIN,10,251508.78,150,251492.3,450
Huber2020_25,n936-s4,MIN,10,133256.3,150,133256.3,450
Huber2020_25,n957-s100,MIN,10,81708.78,150,81592.9,450
Huber2020_25,n979-s20,MIN,10,123228.7,150,123228.7,450
Huber2020_25,n1001-s4,MIN,10,83013.28,150,83013.28,450
Huber2020_25,Small normal,MIN,10,4740.67,150,4732.5,450
Huber2020_25,Small all without tr.,MIN,10,4916.41,150,4854.24,450
Huber2020_25,Small all with tr.,MIN,10,4664.33,150,4657.5,450
Huber2020_25,Medium normal,MIN,10,7942.13,150,7903.06,450
Huber2020_25,Medium all without tr.,MIN,10,8192.09,150,8117.74,450
Huber2020_25,Medium all with tr.,MIN,10,7908.37,150,7851.75,450
Huber2020_25,Large1 normal,MIN,10,21113.75,150,21113.37,450
Huber2020_25,Large1 all without tr.,MIN,10,21913.51,150,21911.88,450
Huber2020_25,Large1 all with tr.,MIN,10,20900.15,150,20899.58,450
Huber2020_25,Large2 normal,MIN,10,26153.68,150,26138.02,450
Huber2020_25,Large2 all without tr.,MIN,10,26849.91,150,26848.45,450
Huber2020_25,Large2 all with tr.,MIN,10,25705.12,150,25698.18,450
Huber2020_25,Final random normal,MIN,10,133675.44,150,129225.91,450
Huber2020_25,Final random all without tr.,MIN,10,146059.86,150,143875.74,450
Huber2020_25,Final random all with tr.,MIN,10,130655.43,150,125672.23,450
Huber2020_25,Final normal,MIN,10,37194.37,150,37175.98,450
Huber2020_25,Final all without tr.,MIN,10,39065.24,150,39059.54,450
Huber2020_25,Final all with tr.,MIN,10,35938.99,150,35937.25,450
Huber2020_25,C1 large1,MIN,10,19352.43,150,19351.51,450
Huber2020_25,C1 large2,MIN,10,21623.55,150,21623.54,450
Huber2020_25,C1 medium,MIN,10,7412.63,150,7385.76,450
Huber2020_25,C1 small,MIN,10,4206.14,150,4203.71,450
Huber2020_25,C2 large1,MIN,10,38888.29,150,38106.74,450
Huber2020_25,C2 large2,MIN,10,50655.68,150,50094.92,450
Huber2020_25,C2 medium,MIN,10,14505.32,150,14445.62,450
Huber2020_25,C2 small,MIN,10,3442.3,150,3442.3,450
Huber2020_25,C3 large1,MIN,10,18446.43,150,18433.76,450
Huber2020_25,C3 large2,MIN,10,23818.94,150,23693.35,450
Huber2020_25,C3 medium,MIN,10,6896.3,150,6894.28,450
Huber2020_25,C3 small,MIN,10,3975.87,150,3975.87,450
Huber2020_25,C4 large1,MIN,10,29599.18,150,29525.86,450
Huber2020_25,C4 large2,MIN,10,32656.85,150,32600.32,450
Huber2020_25,C4 medium,MIN,10,11036.05,150,10901.81,450
Huber2020_25,C4 small,MIN,10,6786.67,150,6566.29,450
Huber2020_25,C5 large1,MIN,10,38504.46,150,37625.85,450
Huber2020_25,C5 large2,MIN,10,50705.85,150,50099.6,450
Huber2020_25,C5 medium,MIN,10,14354.54,150,14349.37,450
Huber2020_25,C5 small,MIN,10,3238.51,150,3238.51,450
Huber2020_50,n101-s100,MIN,10,22624.12,300,22525.7,300
Huber2020_50,n106-s20,MIN,10,23780.56,300,23714.68,300
Huber2020_50,n110-s4,MIN,10,14983.96,300,14945.66,300
Huber2020_50,n115-s100,MIN,10,12655.86,300,12584.34,300
Huber2020_50,n120-s4,MIN,10,13546.5,300,13530,300
Huber2020_50,n125-s20,MIN,10,36899.2,300,36690.26,300
Huber2020_50,n129-s4,MIN,10,28684.12,300,28527.78,300
Huber2020_50,n134-s100,MIN,10,10268.28,300,10197.9,300
Huber2020_50,n139-s20,MIN,10,12916.42,300,12897.6,300
Huber2020_50,n143-s100,MIN,10,16059.12,300,16028.12,300
Huber2020_50,n148-s4,MIN,10,42309.68,300,42158.64,300
Huber2020_50,n153-s20,MIN,10,14859.92,300,14857.6,300
Huber2020_50,n157-s20,MIN,10,15897.86,300,15891.84,300
Huber2020_50,n162-s100,MIN,10,14080.88,300,14055.08,300
Huber2020_50,n167-s4,MIN,10,19713.08,300,19658.72,300
Huber2020_50,n172-s100,MIN,10,30235.22,300,30133.32,300
Huber2020_50,n176-s4,MIN,10,45945.38,300,45573.72,300
Huber2020_50,n181-s20,MIN,10,22689.58,300,22505.96,300
Huber2020_50,n186-s4,MIN,10,23108.2,300,22956.7,300
Huber2020_50,n190-s100,MIN,10,17104.4,300,17104.4,300
Huber2020_50,n195-s20,MIN,10,38040.4,300,37587.06,300
Huber2020_50,n200-s100,MIN,10,51516.4,300,51504.32,300
Huber2020_50,n204-s4,MIN,10,19384.84,300,19279.3,300
Huber2020_50,n209-s20,MIN,10,27494.12,300,27410.1,300
Huber2020_50,n214-s100,MIN,10,11322.76,300,11266.58,300
Huber2020_50,n219-s4,MIN,10,99384.08,300,99002.22,300
Huber2020_50,n223-s20,MIN,10,37789.38,300,37403.02,300
Huber2020_50,n228-s20,MIN,10,22621.6,300,22468.8,300
Huber2020_50,n233-s4,MIN,10,18999.8,300,18934.44,300
Huber2020_50,n237-s100,MIN,10,27768.6,300,27713.94,300
Huber2020_50,n242-s20,MIN,10,63828.56,300,63688.32,300
Huber2020_50,n247-s100,MIN,10,29257.66,300,29129.78,300
Huber2020_50,n251-s4,MIN,10,37844.82,300,37807.34,300
Huber2020_50,n256-s4,MIN,10,19490.9,300,19265.6,300
Huber2020_50,n261-s100,MIN,10,22763.2,300,22751.1,300
Huber2020_50,n266-s20,MIN,10,64484.44,300,64034.38,300
Huber2020_50,n270-s20,MIN,10,31845.54,300,31584.06,300
Huber2020_50,n275-s4,MIN,10,19002.86,300,18937.16,300
Huber2020_50,n280-s100,MIN,10,33963.72,300,33854.28,300
Huber2020_50,n284-s100,MIN,10,21310.8,300,21276.9,300
Huber2020_50,n289-s20,MIN,10,73362.12,300,73302.2,300
Huber2020_50,n294-s4,MIN,10,44114.5,300,43826.92,300
Huber2020_50,n298-s100,MIN,10,32564.16,300,32275.4,300
Huber2020_50,n303-s4,MIN,10,22155.36,300,22121.1,300
Huber2020_50,n308-s20,MIN,10,26557.62,300,26547.74,300
Huber2020_50,n313-s4,MIN,10,74304.4,300,74144.96,300
Huber2020_50,n317-s100,MIN,10,59159.8,300,59145.44,300
Huber2020_50,n322-s20,MIN,10,30017.5,300,29957.72,300
Huber2020_50,n327-s4,MIN,10,27523.52,300,27449.12,300
Huber2020_50,n331-s100,MIN,10,31158.38,300,31127.68,300
Huber2020_50,n336-s20,MIN,10,128200.12,300,126821.56,300
Huber2020_50,n344-s4,MIN,10,39746.74,300,39631.38,300
Huber2020_50,n351-s20,MIN,10,25639.94,300,25626.24,300
Huber2020_50,n359-s100,MIN,10,44114.5,300,44070.1,300
Huber2020_50,n367-s20,MIN,10,24545.22,300,24540.54,300
Huber2020_50,n376-s100,MIN,10,113108.98,300,112379.18,300
Huber2020_50,n384-s4,MIN,10,46198.36,300,46187.76,300
Huber2020_50,n393-s100,MIN,10,37035.32,300,36836.22,300
Huber2020_50,n401-s20,MIN,10,55498.64,300,55269.14,300
Huber2020_50,n411-s4,MIN,10,19898.94,300,19839.78,300
Huber2020_50,n420-s4,MIN,10,91476.38,300,90529.14,300
Huber2020_50,n429-s100,MIN,10,58020.28,300,57664.96,300
Huber2020_50,n439-s20,MIN,10,36388.02,300,36260.3,300
Huber2020_50,n449-s100,MIN,10,46445.06,300,46418.9,300
Huber2020_50,n459-s20,MIN,10,24704.02,300,24593.64,300
Huber2020_50,n469-s4,MIN,10,193796.54,300,192973.12,300
Huber2020_50,n480-s4,MIN,10,87792.56,300,87792.56,300
Huber2020_50,n491-s20,MIN,10,47214.82,300,47214.82,300
Huber2020_50,n502-s100,MIN,10,55653.44,300,55479.38,300
Huber2020_50,n513-s100,MIN,10,25908.8,300,25798.42,300
Huber2020_50,n524-s4,MIN,10,128917.1,300,127969.56,300
Huber2020_50,n536-s20,MIN,10,73618.5,300,73618.5,300
Huber2020_50,n548-s100,MIN,10,66152.08,300,66121.98,300
Huber2020_50,n561-s4,MIN,10,44364.5,300,44364.5,300
Huber2020_50,n573-s20,MIN,10,42966.08,300,42966.08,300
Huber2020_50,n586-s20,MIN,10,148565.7,300,148565.7,300
Huber2020_50,n599-s4,MIN,10,98096.94,300,98096.94,300
Huber2020_50,n613-s100,MIN,10,56543.46,300,56352.82,300
Huber2020_50,n627-s4,MIN,10,63706.02,300,63689.98,300
Huber2020_50,n641-s20,MIN,10,63384.48,300,63361.16,300
Huber2020_50,n655-s100,MIN,10,74969.66,300,74969.66,300
Huber2020_50,n670-s4,MIN,10,102439.26,300,102439.26,300
Huber2020_50,n685-s20,MIN,10,65909.62,300,65890.46,300
Huber2020_50,n701-s100,MIN,10,77371.18,300,77351.6,300
Huber2020_50,n716-s20,MIN,10,41170.84,300,41157.34,300
Huber2020_50,n733-s4,MIN,10,137740.08,300,137370.62,300
Huber2020_50,n749-s100,MIN,10,59889.5,300,59888,300
Huber2020_50,n766-s100,MIN,10,111336.34,300,111336.34,300
Huber2020_50,n783-s4,MIN,10,67997.52,300,67996.76,300
Huber2020_50,n801-s20,MIN,10,72021.86,300,72004.64,300
Huber2020_50,n819-s100,MIN,10,129068.54,300,129068.54,300
Huber2020_50,n837-s4,MIN,10,138679.14,300,138679.14,300
Huber2020_50,n856-s20,MIN,10,90091.14,300,90081.14,300
Huber2020_50,n876-s20,MIN,10,99148.62,300,99146.22,300
Huber2020_50,n895-s4,MIN,10,49929,300,49929,300
Huber2020_50,n916-s100,MIN,10,246570.1,300,246570.1,300
Huber2020_50,n936-s4,MIN,10,129348.48,300,129348.48,300
Huber2020_50,n957-s100,MIN,10,78977.64,300,78937.58,300
Huber2020_50,n979-s20,MIN,10,120337.38,300,120336.74,300
Huber2020_50,n1001-s4,MIN,10,80634.8,300,80634.8,300
Huber2020_50,Small normal,MIN,10,4738.03,300,4729.88,300
Huber2020_50,Small all without tr.,MIN,10,4912.3,300,4846.71,300
Huber2020_50,Small all with tr.,MIN,10,4661.82,300,4655.89,300
Huber2020_50,Medium normal,MIN,10,7931.69,300,7890.85,300
Huber2020_50,Medium all without tr.,MIN,10,8140.52,300,8112.04,300
Huber2020_50,Medium all with tr.,MIN,10,7856.4,300,7812.74,300
Huber2020_50,Large1 normal,MIN,10,20830.95,300,20829.83,300
Huber2020_50,Large1 all without tr.,MIN,10,21616.19,300,21616,300
Huber2020_50,Large1 all with tr.,MIN,10,20637.98,300,20637.98,300
Huber2020_50,Large2 normal,MIN,10,25825.57,300,25824.66,300
Huber2020_50,Large2 all without tr.,MIN,10,26447.66,300,26445.73,300
Huber2020_50,Large2 all with tr.,MIN,10,25454.57,300,25454.57,300
Huber2020_50,Final random normal,MIN,10,133205.93,300,129043.16,300
Huber2020_50,Final random all without tr.,MIN,10,145580.46,300,143812.85,300
Huber2020_50,Final random all with tr.,MIN,10,130129.51,300,125556.95,300
Huber2020_50,Final normal,MIN,10,36734.56,300,36702.48,300
Huber2020_50,Final all without tr.,MIN,10,38536.09,300,38534.74,300
Huber2020_50,Final all with tr.,MIN,10,35540.04,300,35540.04,300
Huber2020_50,C1 large1,MIN,10,19021.08,300,19020.49,300
Huber2020_50,C1 large2,MIN,10,21208.78,300,21202.21,300
Huber2020_50,C1 medium,MIN,10,7355.3,300,7342.28,300
Huber2020_50,C1 small,MIN,10,4220.76,300,4208.13,300
Huber2020_50,C2 large1,MIN,10,38593.28,300,38161.81,300
Huber2020_50,C2 large2,MIN,10,50338.1,300,50091.94,300
Huber2020_50,C2 medium,MIN,10,14509.16,300,14448.07,300
Huber2020_50,C2 small,MIN,10,3442.3,300,3442.3,300
Huber2020_50,C3 large1,MIN,10,17966.08,300,17962.35,300
Huber2020_50,C3 large2,MIN,10,23385.78,300,23327.27,300
Huber2020_50,C3 medium,MIN,10,6909.83,300,6899.27,300
Huber2020_50,C3 small,MIN,10,3975.87,300,3975.87,300
Huber2020_50,C4 large1,MIN,10,29210.16,300,29182,300
Huber2020_50,C4 large2,MIN,10,32037.63,300,31976.38,300
Huber2020_50,C4 medium,MIN,10,10963.74,300,10868.01,300
Huber2020_50,C4 small,MIN,10,6785.89,300,6566.29,300
Huber2020_50,C5 large1,MIN,10,38115.7,300,37679.23,300
Huber2020_50,C5 large2,MIN,10,50395.7,300,50097.8,300
Huber2020_50,C5 medium,MIN,10,14353.76,300,14346.37,300
Huber2020_50,C5 small,MIN,10,3238.51,300,3238.51,300
Huber2020_75,n101-s100,MIN,10,22668.5,450,22515.86,150
Huber2020_75,n106-s20,MIN,10,23765.1,450,23710.08,150
Huber2020_75,n110-s4,MIN,10,14994.38,450,14946.56,150
Huber2020_75,n115-s100,MIN,10,12630.86,450,12573.3,150
Huber2020_75,n120-s4,MIN,10,13537.3,450,13506.4,150
Huber2020_75,n125-s20,MIN,10,36893.34,450,36712.4,150
Huber2020_75,n129-s4,MIN,10,28714.98,450,28519.24,150
Huber2020_75,n134-s100,MIN,10,10208.66,450,10163.06,150
Huber2020_75,n139-s20,MIN,10,12840.72,450,12790,150
Huber2020_75,n143-s100,MIN,10,16027.84,450,16012.64,150
Huber2020_75,n148-s4,MIN,10,42277.38,450,42142.72,150
Huber2020_75,n153-s20,MIN,10,14876.18,450,14876.18,150
Huber2020_75,n157-s20,MIN,10,15881.88,450,15876.66,150
Huber2020_75,n162-s100,MIN,10,14053.2,450,14020.36,150
Huber2020_75,n167-s4,MIN,10,19831.36,450,19772.66,150
Huber2020_75,n172-s100,MIN,10,30223.96,450,30160.1,150
Huber2020_75,n176-s4,MIN,10,45617.68,450,45394.56,150
Huber2020_75,n181-s20,MIN,10,22782.48,450,22597.32,150
Huber2020_75,n186-s4,MIN,10,23067.86,450,22924.06,150
Huber2020_75,n190-s100,MIN,10,17104.4,450,17104.4,150
Huber2020_75,n195-s20,MIN,10,37923.48,450,37546.36,150
Huber2020_75,n200-s100,MIN,10,51409.88,450,51370.46,150
Huber2020_75,n204-s4,MIN,10,19313.94,450,19216.8,150
Huber2020_75,n209-s20,MIN,10,27517.34,450,27489.28,150
Huber2020_75,n214-s100,MIN,10,11454.58,450,11443.84,150
Huber2020_75,n219-s4,MIN,10,99351.5,450,98983.72,150
Huber2020_75,n223-s20,MIN,10,37538.22,450,37222.3,150
Huber2020_75,n228-s20,MIN,10,22639.32,450,22486.36,150
Huber2020_75,n233-s4,MIN,10,19023.06,450,18988.12,150
Huber2020_75,n237-s100,MIN,10,27606.16,450,27567.96,150
Huber2020_75,n242-s20,MIN,10,63462.16,450,63396.02,150
Huber2020_75,n247-s100,MIN,10,29218.84,450,29146.28,150
Huber2020_75,n251-s4,MIN,10,37830.4,450,37772.58,150
Huber2020_75,n256-s4,MIN,10,19338.1,450,19183.2,150
Huber2020_75,n261-s100,MIN,10,22715.54,450,22705.64,150
Huber2020_75,n266-s20,MIN,10,64334.74,450,63693.4,150
Huber2020_75,n270-s20,MIN,10,31837.72,450,31719.58,150
Huber2020_75,n275-s4,MIN,10,18928.52,450,18883.46,150
Huber2020_75,n280-s100,MIN,10,33900.1,450,33845.7,150
Huber2020_75,n284-s100,MIN,10,21168.7,450,21158.82,150
Huber2020_75,n289-s20,MIN,10,73215.56,450,73215.56,150
Huber2020_75,n294-s4,MIN,10,43989.24,450,43707.26,150
Huber2020_75,n298-s100,MIN,10,32196.78,450,31965.14,150
Huber2020_75,n303-s4,MIN,10,22072.44,450,22072.44,150
Huber2020_75,n308-s20,MIN,10,26367.1,450,26364,150
Huber2020_75,n313-s4,MIN,10,74245.52,450,74125.16,150
Huber2020_75,n317-s100,MIN,10,59137.24,450,59137.24,150
Huber2020_75,n322-s20,MIN,10,30007.42,450,29986.58,150
Huber2020_75,n327-s4,MIN,10,27537.2,450,27454,150
Huber2020_75,n331-s100,MIN,10,31243.9,450,31140.22,150
Huber2020_75,n336-s20,MIN,10,127660.58,450,126966.96,150
Huber2020_75,n344-s4,MIN,10,39670.62,450,39655.18,150
Huber2020_75,n351-s20,MIN,10,25650.4,450,25650.4,150
Huber2020_75,n359-s100,MIN,10,43872.28,450,43870.54,150
Huber2020_75,n367-s20,MIN,10,24222.44,450,24222.26,150
Huber2020_75,n376-s100,MIN,10,112712,450,112363.56,150
Huber2020_75,n384-s4,MIN,10,46073.22,450,46073.22,150
Huber2020_75,n393-s100,MIN,10,36964.48,450,36898.68,150
Huber2020_75,n401-s20,MIN,10,55551.14,450,55481.88,150
Huber2020_75,n411-s4,MIN,10,19755.32,450,19676.14,150
Huber2020_75,n420-s4,MIN,10,91276,450,90478.98,150
Huber2020_75,n429-s100,MIN,10,57675.62,450,57576.8,150
Huber2020_75,n439-s20,MIN,10,36406.4,450,36345.48,150
Huber2020_75,n449-s100,MIN,10,46521.08,450,46521.08,150
Huber2020_75,n459-s20,MIN,10,24451.64,450,24404,150
Huber2020_75,n469-s4,MIN,10,193532.86,450,192814.3,150
Huber2020_75,n480-s4,MIN,10,87606.7,450,87606.7,150
Huber2020_75,n491-s20,MIN,10,47331.78,450,47331.78,150
Huber2020_75,n502-s100,MIN,10,55562.9,450,55390.16,150
Huber2020_75,n513-s100,MIN,10,25756.7,450,25738.5,150
Huber2020_75,n524-s4,MIN,10,128662.36,450,128066.92,150
Huber2020_75,n536-s20,MIN,10,73112.92,450,73112.92,150
Huber2020_75,n548-s100,MIN,10,65493.26,450,65460.12,150
Huber2020_75,n561-s4,MIN,10,43899.66,450,43899.66,150
Huber2020_75,n573-s20,MIN,10,42610.18,450,42610.18,150
Huber2020_75,n586-s20,MIN,10,148285.06,450,148285.06,150
Huber2020_75,n599-s4,MIN,10,97814.48,450,97814.48,150
Huber2020_75,n613-s100,MIN,10,56548.24,450,56522.3,150
Huber2020_75,n627-s4,MIN,10,63097.84,450,63097.54,150
Huber2020_75,n641-s20,MIN,10,63461.42,450,63456.48,150
Huber2020_75,n655-s100,MIN,10,74716.08,450,74716.08,150
Huber2020_75,n670-s4,MIN,10,102233.68,450,102229.36,150
Huber2020_75,n685-s20,MIN,10,65565.16,450,65565.16,150
Huber2020_75,n701-s100,MIN,10,76239.88,450,76239.88,150
Huber2020_75,n716-s20,MIN,10,40992.32,450,40991.62,150
Huber2020_75,n733-s4,MIN,10,136954.7,450,136836.82,150
Huber2020_75,n749-s100,MIN,10,59466.88,450,59466.88,150
Huber2020_75,n766-s100,MIN,10,110491.82,450,110491.82,150
Huber2020_75,n783-s4,MIN,10,67336,450,67336,150
Huber2020_75,n801-s20,MIN,10,71553.28,450,71552.36,150
Huber2020_75,n819-s100,MIN,10,128241.58,450,128241.58,150
Huber2020_75,n837-s4,MIN,10,138161.38,450,138161.38,150
Huber2020_75,n856-s20,MIN,10,88876.42,450,88876.42,150
Huber2020_75,n876-s20,MIN,10,98419.12,450,98419.12,150
Huber2020_75,n895-s4,MIN,10,49377.42,450,49376.94,150
Huber2020_75,n916-s100,MIN,10,245703.86,450,245703.86,150
Huber2020_75,n936-s4,MIN,10,128251.18,450,128251.18,150
Huber2020_75,n957-s100,MIN,10,78251.88,450,78218.68,150
Huber2020_75,n979-s20,MIN,10,120069.96,450,120069.96,150
Huber2020_75,n1001-s4,MIN,10,80065.06,450,80065.06,150
Huber2020_75,Small normal,MIN,10,4747.13,450,4731.94,150
Huber2020_75,Small all without tr.,MIN,10,4918.13,450,4849.74,150
Huber2020_75,Small all with tr.,MIN,10,4662.77,450,4658.22,150
Huber2020_75,Medium normal,MIN,10,7898.59,450,7877.16,150
Huber2020_75,Medium all without tr.,MIN,10,8136.01,450,8103.89,150
Huber2020_75,Medium all with tr.,MIN,10,7818.66,450,7779.36,150
Huber2020_75,Large1 normal,MIN,10,20782.36,450,20782.36,150
Huber2020_75,Large1 all without tr.,MIN,10,21527.81,450,21527.81,150
Huber2020_75,Large1 all with tr.,MIN,10,20528.49,450,20528.49,150
Huber2020_75,Large2 normal,MIN,10,25730.77,450,25730.77,150
Huber2020_75,Large2 all without tr.,MIN,10,26334.13,450,26334.13,150
Huber2020_75,Large2 all with tr.,MIN,10,25339.87,450,25339.87,150
Huber2020_75,Final random normal,MIN,10,132905.46,450,129089.95,150
Huber2020_75,Final random all without tr.,MIN,10,145293.78,450,143703.28,150
Huber2020_75,Final random all with tr.,MIN,10,130020.01,450,125329.76,150
Huber2020_75,Final normal,MIN,10,36281.4,450,36281.4,150
Huber2020_75,Final all without tr.,MIN,10,38423.77,450,38423.77,150
Huber2020_75,Final all with tr.,MIN,10,35074.98,450,35074.98,150
Huber2020_75,C1 large1,MIN,10,18996.74,450,18993.7,150
Huber2020_75,C1 large2,MIN,10,21137.22,450,21136.14,150
Huber2020_75,C1 medium,MIN,10,7352.47,450,7334.15,150
Huber2020_75,C1 small,MIN,10,4205.39,450,4198.02,150
Huber2020_75,C2 large1,MIN,10,38535.94,450,38189.77,150
Huber2020_75,C2 large2,MIN,10,50257.04,450,50070.85,150
Huber2020_75,C2 medium,MIN,10,14497.01,450,14448.37,150
Huber2020_75,C2 small,MIN,10,3442.3,450,3442.3,150
Huber2020_75,C3 large1,MIN,10,17857.68,450,17857.14,150
Huber2020_75,C3 large2,MIN,10,23152.85,450,23134.22,150
Huber2020_75,C3 medium,MIN,10,6904.51,450,6899.72,150
Huber2020_75,C3 small,MIN,10,3975.87,450,3975.87,150
Huber2020_75,C4 large1,MIN,10,29085,450,29056.91,150
Huber2020_75,C4 large2,MIN,10,31956.15,450,31920.11,150
Huber2020_75,C4 medium,MIN,10,10992.78,450,10899.11,150
Huber2020_75,C4 small,MIN,10,6786.83,450,6566.29,150
Huber2020_75,C5 large1,MIN,10,38038.79,450,37694.41,150
Huber2020_75,C5 large2,MIN,10,50345.1,450,50083.12,150
Huber2020_75,C5 medium,MIN,10,14353.04,450,14346.93,150
Huber2020_75,C5 small,MIN,10,3238.51,450,3238.51,150

